X,epsilon
2.000000000000000000e+00,-1.065698915526462273e-02
2.000000000000000000e+00,-7.844862533081715678e-04
7.000000000000000000e+00,-4.258833755554964906e-01
3.000000000000000000e+00,1.488227436750614030e-01
8.000000000000000000e+00,-4.973776179994050528e-01
1.000000000000000000e+00,7.479284541920955265e-02
3.000000000000000000e+00,4.940613415426027555e-02
6.000000000000000000e+00,7.640248525878384767e-02
4.000000000000000000e+00,9.022684144699338882e-02
3.000000000000000000e+00,9.861436895827818683e-02
6.000000000000000000e+00,5.395176908456519871e-02
2.000000000000000000e+00,-3.964719414320645730e-02
8.000000000000000000e+00,1.083586593450426017e-01
1.000000000000000000e+01,6.873545194849364215e-01
2.000000000000000000e+00,-2.744828017323713287e-01
6.000000000000000000e+00,-1.529142667896323526e-01
7.000000000000000000e+00,9.077449476320972321e-01
3.000000000000000000e+00,-1.167705713287352787e-01
6.000000000000000000e+00,-3.321033619721574376e-02
2.000000000000000000e+00,8.275647532836510889e-02
2.000000000000000000e+00,-1.147991515284193104e-01
8.000000000000000000e+00,1.528305103888747629e+00
7.000000000000000000e+00,-1.064730652820787382e+00
6.000000000000000000e+00,4.049601776052797475e-01
1.000000000000000000e+00,8.054789081911574444e-02
7.000000000000000000e+00,6.126788133857412333e-02
6.000000000000000000e+00,-1.860328636611951192e-01
5.000000000000000000e+00,-3.658527988685255083e-01
7.000000000000000000e+00,2.520593183262835879e-01
7.000000000000000000e+00,5.701340765504362418e-01
6.000000000000000000e+00,-6.274094757204516648e-02
5.000000000000000000e+00,2.456623799183673962e-01
2.000000000000000000e+00,-2.730417139312305563e-01
4.000000000000000000e+00,-4.635709796025033747e-02
1.000000000000000000e+01,-1.244446713855601322e-01
1.000000000000000000e+01,-4.470568755899694269e-01
1.000000000000000000e+01,2.749124216692658274e-01
2.000000000000000000e+00,5.837432258516352807e-02
3.000000000000000000e+00,-3.105045886518416690e-02
4.000000000000000000e+00,3.371432017323074959e-01
4.000000000000000000e+00,4.687454347152342216e-01
3.000000000000000000e+00,-3.642359150446910360e-02
9.000000000000000000e+00,-1.064522187509779096e-02
7.000000000000000000e+00,-9.641295488550661874e-01
6.000000000000000000e+00,-1.407713959681634874e-01
1.000000000000000000e+01,-4.537137963676594055e-01
1.000000000000000000e+00,1.662582400212660461e-01
4.000000000000000000e+00,8.588766127626054625e-02
8.000000000000000000e+00,-2.355686803812361563e-01
2.000000000000000000e+00,3.192489831758753976e-02
3.000000000000000000e+00,5.810796241782688332e-02
5.000000000000000000e+00,1.601534808935476673e-01
9.000000000000000000e+00,-3.277955461079355426e-01
1.000000000000000000e+01,9.300524323439755825e-02
4.000000000000000000e+00,-1.610256567184991262e-03
6.000000000000000000e+00,1.823781621017896981e-01
1.000000000000000000e+00,-1.184224210098338698e-01
7.000000000000000000e+00,-1.220675457253185825e-01
8.000000000000000000e+00,4.855244602636965556e-01
7.000000000000000000e+00,1.557865126335437500e+00
8.000000000000000000e+00,6.982125468279117841e-01
6.000000000000000000e+00,-3.430235847591577847e-01
3.000000000000000000e+00,9.825290260129936060e-02
4.000000000000000000e+00,2.400289608852151230e-02
8.000000000000000000e+00,4.232937214862617648e-01
1.000000000000000000e+01,8.385651143507433236e-01
7.000000000000000000e+00,7.554046731523031966e-01
7.000000000000000000e+00,-7.227118996738710055e-02
5.000000000000000000e+00,1.375605608889813453e-02
3.000000000000000000e+00,3.734868483712584786e-02
9.000000000000000000e+00,2.178952919938205168e-01
7.000000000000000000e+00,1.868450522206499265e-01
8.000000000000000000e+00,4.123486868373347214e-01
3.000000000000000000e+00,-2.093031123600498644e-01
4.000000000000000000e+00,7.092472404659161400e-02
6.000000000000000000e+00,-1.441734218240609544e-01
1.000000000000000000e+00,3.152345062539246151e-02
2.000000000000000000e+00,1.694676759042698933e-01
7.000000000000000000e+00,-3.389740437964464670e-01
1.000000000000000000e+01,1.618370142583124560e-01
6.000000000000000000e+00,-8.098790079820269994e-02
6.000000000000000000e+00,1.924461444256416187e-01
3.000000000000000000e+00,4.036312015598852304e-02
5.000000000000000000e+00,1.586578819117318018e-01
2.000000000000000000e+00,1.534401718970680728e-01
4.000000000000000000e+00,9.629766461112174158e-02
3.000000000000000000e+00,1.711073656985286906e-01
9.000000000000000000e+00,8.693227094653585008e-01
4.000000000000000000e+00,1.816711816058786885e-02
4.000000000000000000e+00,6.684424214193761260e-02
8.000000000000000000e+00,-1.030511050727459743e+00
8.000000000000000000e+00,-5.499204175015419416e-02
3.000000000000000000e+00,9.475104208646498161e-02
1.000000000000000000e+01,8.669514618699690131e-03
1.000000000000000000e+01,-3.304221923362916646e-01
3.000000000000000000e+00,4.698060090954841311e-02
1.000000000000000000e+01,-1.576413426243408189e-01
9.000000000000000000e+00,-2.889323151409548540e-01
5.000000000000000000e+00,2.020484725572267437e-01
7.000000000000000000e+00,-3.260624164739331365e-02
5.000000000000000000e+00,2.782969767689367213e-01
4.000000000000000000e+00,-6.355930653875817293e-02
2.000000000000000000e+00,-2.077856716702538090e-02
5.000000000000000000e+00,4.110849831991020276e-01
7.000000000000000000e+00,6.705821473689542456e-02
9.000000000000000000e+00,-4.344445039262240238e-01
4.000000000000000000e+00,-1.400047776528182651e-03
5.000000000000000000e+00,1.110420625701734505e-02
2.000000000000000000e+00,-2.121187114181923572e-01
2.000000000000000000e+00,-5.353937417651288833e-02
4.000000000000000000e+00,5.639085822968248340e-02
8.000000000000000000e+00,5.512215370911264234e-01
1.000000000000000000e+01,-2.925134632494023890e-02
4.000000000000000000e+00,-1.196267112590593817e-01
4.000000000000000000e+00,-4.322521497455610318e-01
7.000000000000000000e+00,-2.758947053577739950e-01
9.000000000000000000e+00,-6.282353451491334839e-01
2.000000000000000000e+00,-9.889287789379846982e-02
3.000000000000000000e+00,-1.052635961768877276e-01
4.000000000000000000e+00,-1.526009709825585925e-01
5.000000000000000000e+00,1.707369480264628037e-01
5.000000000000000000e+00,1.017116398676125855e-01
7.000000000000000000e+00,-5.973362073967890540e-01
3.000000000000000000e+00,2.866747723418761398e-02
9.000000000000000000e+00,2.434856577523005772e-01
3.000000000000000000e+00,-5.502484877834571547e-02
2.000000000000000000e+00,-1.907402636159600054e-02
1.000000000000000000e+00,2.722543735237760790e-02
4.000000000000000000e+00,4.761161401381127090e-01
2.000000000000000000e+00,-6.185090447141015045e-03
1.000000000000000000e+01,-2.172798764005394734e-01
5.000000000000000000e+00,1.374232214162864341e-01
8.000000000000000000e+00,-1.967920527169247577e-02
5.000000000000000000e+00,2.630312416543026388e-02
3.000000000000000000e+00,-5.780700238310575861e-02
9.000000000000000000e+00,-1.264491724744831458e-01
6.000000000000000000e+00,-1.530752823896908976e-01
7.000000000000000000e+00,-7.422558046927926201e-01
5.000000000000000000e+00,1.669202489773500275e-01
5.000000000000000000e+00,3.998433247483463432e-02
5.000000000000000000e+00,-1.987039012310959918e-01
3.000000000000000000e+00,6.276828672269867126e-02
3.000000000000000000e+00,1.235798351472318646e-01
6.000000000000000000e+00,-2.407437983425470829e-01
1.000000000000000000e+00,-8.779377204042534966e-02
3.000000000000000000e+00,-1.669495208463467051e-01
2.000000000000000000e+00,-9.165283396680717898e-02
1.000000000000000000e+00,1.041803080319659430e-02
5.000000000000000000e+00,-1.182187908893021500e-01
3.000000000000000000e+00,1.016166803095030005e-02
2.000000000000000000e+00,3.932286541416525616e-02
1.000000000000000000e+00,1.315622857425071957e-01
3.000000000000000000e+00,-5.236287488316161004e-02
6.000000000000000000e+00,5.455819233031519166e-01
1.000000000000000000e+01,-4.936358213428650443e-01
1.000000000000000000e+01,-3.511755737518034715e-01
7.000000000000000000e+00,-4.922549336672205622e-01
2.000000000000000000e+00,6.538084615653974585e-02
3.000000000000000000e+00,1.305366228874459411e-01
5.000000000000000000e+00,-4.075960496040376829e-02
1.000000000000000000e+00,7.544680557878925831e-02
6.000000000000000000e+00,5.365040056542673685e-01
5.000000000000000000e+00,-1.424787248434041531e-01
8.000000000000000000e+00,4.068348234118103757e-01
5.000000000000000000e+00,-1.605641049981473278e-01
1.000000000000000000e+00,-1.409283891113908560e-01
8.000000000000000000e+00,9.459866642176726348e-01
1.000000000000000000e+00,1.052801228438076525e-02
6.000000000000000000e+00,-4.650562955081165989e-02
7.000000000000000000e+00,-9.495211093070072828e-01
6.000000000000000000e+00,2.309191797863051343e-02
2.000000000000000000e+00,9.111153068749056061e-02
8.000000000000000000e+00,1.341322982899158411e+00
5.000000000000000000e+00,-2.104255847708654814e-01
1.000000000000000000e+00,3.634300024402237206e-02
2.000000000000000000e+00,-2.457053253052831898e-01
5.000000000000000000e+00,-6.743703597014542861e-02
5.000000000000000000e+00,1.381576466825385485e-01
1.000000000000000000e+00,-5.724143929333489617e-02
5.000000000000000000e+00,1.518419929323910900e-01
8.000000000000000000e+00,5.015547561709344793e-01
5.000000000000000000e+00,-1.866199745664343379e-01
5.000000000000000000e+00,3.117280026726011732e-02
9.000000000000000000e+00,-1.661151257881539056e-01
7.000000000000000000e+00,2.924005664584192754e-01
3.000000000000000000e+00,1.376495962016549834e-01
1.000000000000000000e+00,6.323794071526836480e-02
7.000000000000000000e+00,5.721205577732635383e-01
8.000000000000000000e+00,7.904236702777739376e-01
7.000000000000000000e+00,2.611531067933325900e-01
4.000000000000000000e+00,1.301085107108485017e-01
6.000000000000000000e+00,-1.615626961177865362e-01
8.000000000000000000e+00,4.487123823068639994e-01
7.000000000000000000e+00,-2.654768540309698222e-01
6.000000000000000000e+00,2.129231026049655251e-01
7.000000000000000000e+00,-6.611792246868576639e-02
2.000000000000000000e+00,9.920559800478853663e-02
5.000000000000000000e+00,-2.358431763044408491e-01
1.000000000000000000e+01,7.146736085457162657e-01
8.000000000000000000e+00,1.277674603147546661e-01
1.000000000000000000e+00,-2.428344970443608794e-02
4.000000000000000000e+00,-1.143034434756987905e-01
4.000000000000000000e+00,-2.862055901308988570e-01
9.000000000000000000e+00,-1.405182811212437634e-02
9.000000000000000000e+00,2.137029187176661960e-01
3.000000000000000000e+00,5.488876866114065362e-02
4.000000000000000000e+00,-2.874721293317888948e-01
8.000000000000000000e+00,-1.022436979662457279e+00
2.000000000000000000e+00,-6.833904475851543085e-03
9.000000000000000000e+00,1.522583278891503633e-01
8.000000000000000000e+00,-1.231090041001885738e-01
1.000000000000000000e+00,1.550274444625646675e-01
7.000000000000000000e+00,5.928817022227006461e-01
9.000000000000000000e+00,4.519007943862486387e-01
7.000000000000000000e+00,6.205987307176911161e-01
8.000000000000000000e+00,-5.980954203868319441e-01
4.000000000000000000e+00,-1.401898446003120406e-02
9.000000000000000000e+00,-4.435542010021758519e-01
3.000000000000000000e+00,-9.793370445810924141e-02
2.000000000000000000e+00,5.185183662577464575e-02
9.000000000000000000e+00,3.221389268234984282e-01
3.000000000000000000e+00,-9.040689166421546352e-02
4.000000000000000000e+00,-4.345648013528105591e-02
1.000000000000000000e+01,-2.485956726740564948e-01
5.000000000000000000e+00,-7.959280801030124697e-02
1.000000000000000000e+01,-4.204737786794176535e-01
5.000000000000000000e+00,-2.201820859229660088e-01
1.000000000000000000e+01,-5.495382586157823712e-02
9.000000000000000000e+00,-3.189295104454150098e-01
7.000000000000000000e+00,3.688715730986699137e-01
3.000000000000000000e+00,-4.319301875984488809e-02
1.000000000000000000e+00,-1.317120451669494541e-01
5.000000000000000000e+00,-1.677992290003343934e-01
4.000000000000000000e+00,5.638198455066034676e-02
6.000000000000000000e+00,1.193093310981614974e-01
1.000000000000000000e+00,-9.139816925762209165e-02
7.000000000000000000e+00,6.288939137216781328e-01
3.000000000000000000e+00,4.738663267885215996e-02
5.000000000000000000e+00,-1.333170473605624178e-02
6.000000000000000000e+00,-1.428311482771484411e-02
2.000000000000000000e+00,4.851054216283673393e-02
1.000000000000000000e+01,-3.802300738651040457e-01
5.000000000000000000e+00,-6.220489858001188033e-02
5.000000000000000000e+00,1.557744100400274556e-01
1.000000000000000000e+01,-4.662182278757341369e-01
7.000000000000000000e+00,-7.653497927205843432e-01
1.000000000000000000e+01,-2.403884969968864693e-01
1.000000000000000000e+00,-6.131961846139055011e-02
2.000000000000000000e+00,4.408957595158569109e-02
9.000000000000000000e+00,4.474662463735167295e-01
4.000000000000000000e+00,1.152846166801879332e-02
1.000000000000000000e+00,7.776037533749598739e-03
7.000000000000000000e+00,3.915303710048229635e-01
1.000000000000000000e+01,-6.600085825010970630e-01
2.000000000000000000e+00,5.187180442052490015e-02
6.000000000000000000e+00,1.175910180312958464e-01
7.000000000000000000e+00,6.445113732383249694e-01
1.000000000000000000e+00,1.766926169713979242e-02
6.000000000000000000e+00,-3.458869481621202890e-01
2.000000000000000000e+00,-8.131859630489095140e-04
4.000000000000000000e+00,1.489105377356707838e-01
7.000000000000000000e+00,3.976261420841959437e-01
3.000000000000000000e+00,-5.391862572714502949e-02
1.000000000000000000e+00,-2.613163376866578145e-04
7.000000000000000000e+00,4.767065818160945989e-01
1.000000000000000000e+01,3.415591492452533795e-01
1.000000000000000000e+00,1.283003529258380793e-02
1.000000000000000000e+00,-1.359758588249155853e-01
1.000000000000000000e+00,2.800399877871204146e-02
3.000000000000000000e+00,-3.439523643203643705e-02
8.000000000000000000e+00,-2.572071028883962107e-01
9.000000000000000000e+00,1.096494440849126450e-01
3.000000000000000000e+00,1.127586443269276428e-01
2.000000000000000000e+00,-1.018013274610369591e-02
2.000000000000000000e+00,-1.748308821593275442e-01
4.000000000000000000e+00,2.383437876657061583e-02
9.000000000000000000e+00,7.773788447511176258e-01
3.000000000000000000e+00,-5.982776441795598088e-02
8.000000000000000000e+00,-6.601294868266858185e-01
5.000000000000000000e+00,-8.108722433479936473e-03
3.000000000000000000e+00,-8.936275294677248349e-02
8.000000000000000000e+00,-7.285475047619766054e-01
8.000000000000000000e+00,1.015554289842408808e+00
4.000000000000000000e+00,1.087397741413873194e-02
1.000000000000000000e+00,-6.695739067688538659e-02
3.000000000000000000e+00,7.112876108409454945e-02
8.000000000000000000e+00,-4.669409448318532219e-01
4.000000000000000000e+00,2.320043377756848269e-01
1.000000000000000000e+01,-5.357077987776900363e-01
3.000000000000000000e+00,-4.901793451976908106e-02
7.000000000000000000e+00,1.189109069718227163e+00
2.000000000000000000e+00,8.790646329980017493e-02
2.000000000000000000e+00,-2.293460317212131852e-02
8.000000000000000000e+00,8.042742198649924790e-01
4.000000000000000000e+00,1.184765250505871725e-01
4.000000000000000000e+00,2.411529910436750745e-02
4.000000000000000000e+00,-5.204323079008169213e-03
1.000000000000000000e+00,1.139986931757383665e-01
1.000000000000000000e+01,6.420238417793922708e-03
8.000000000000000000e+00,1.441081818427951966e-01
9.000000000000000000e+00,-2.625752543776158077e-02
4.000000000000000000e+00,4.562922650820593062e-02
2.000000000000000000e+00,6.554358943965214734e-02
1.000000000000000000e+00,1.570350169892340830e-01
3.000000000000000000e+00,5.716692209758296450e-02
7.000000000000000000e+00,3.362346830320129404e-02
1.000000000000000000e+00,7.105073610778854520e-02
7.000000000000000000e+00,9.143270362805797635e-01
6.000000000000000000e+00,2.338706793783434934e-02
7.000000000000000000e+00,-7.713474855662668661e-01
4.000000000000000000e+00,-9.349908978450283126e-02
1.000000000000000000e+00,3.918203154187208104e-02
3.000000000000000000e+00,-1.261093934668384986e-01
5.000000000000000000e+00,-1.012575790363284406e-01
1.000000000000000000e+00,-1.504260031228167316e-01
1.000000000000000000e+00,1.327118218359959190e-01
8.000000000000000000e+00,-4.807175296968598244e-01
5.000000000000000000e+00,-8.543509205646924315e-03
9.000000000000000000e+00,1.288794795215010280e-01
1.000000000000000000e+01,-4.701844397686665289e-01
1.000000000000000000e+01,1.122629849788447376e-01
1.000000000000000000e+00,-3.860104849558079320e-03
9.000000000000000000e+00,5.133798153432137523e-01
3.000000000000000000e+00,-7.916750103014917606e-02
5.000000000000000000e+00,-9.553284263196179515e-02
4.000000000000000000e+00,3.837986901463998901e-01
4.000000000000000000e+00,7.907374272276031235e-02
5.000000000000000000e+00,-7.004654461774310892e-02
6.000000000000000000e+00,-2.378532403454798327e-01
8.000000000000000000e+00,-2.929966372083632753e-01
4.000000000000000000e+00,-7.446814225286727540e-01
1.000000000000000000e+00,2.695437336154387145e-02
2.000000000000000000e+00,1.475116219153736197e-01
9.000000000000000000e+00,-3.381010661841588050e-02
1.000000000000000000e+01,1.124202018162908656e-01
3.000000000000000000e+00,3.945437929973028696e-02
1.000000000000000000e+01,-2.084137663159869869e-01
2.000000000000000000e+00,3.010798072004505777e-02
7.000000000000000000e+00,-4.648637748324058738e-01
3.000000000000000000e+00,-1.953708892803651120e-01
7.000000000000000000e+00,5.511131357125058639e-01
8.000000000000000000e+00,3.595996676681778026e-01
3.000000000000000000e+00,1.206345130410815397e-01
7.000000000000000000e+00,3.462026224854624079e-01
2.000000000000000000e+00,-1.130623231242526387e-02
6.000000000000000000e+00,-1.607816510445171099e-01
4.000000000000000000e+00,1.981435115219841725e-01
3.000000000000000000e+00,1.516990956816502423e-01
6.000000000000000000e+00,-1.305182727571619627e-01
7.000000000000000000e+00,-5.572412766177862187e-01
1.000000000000000000e+00,1.152684543228901931e-01
3.000000000000000000e+00,1.601279862017082056e-01
4.000000000000000000e+00,-1.273387891840257191e-01
7.000000000000000000e+00,3.219316914937078722e-01
4.000000000000000000e+00,4.094872830081512927e-01
1.000000000000000000e+00,-1.626244622721168265e-01
1.000000000000000000e+00,-5.416010072822795979e-02
7.000000000000000000e+00,1.828399295058802387e-01
2.000000000000000000e+00,3.223621761494218502e-02
6.000000000000000000e+00,1.873151085852960418e-01
8.000000000000000000e+00,-4.288616179214080337e-02
7.000000000000000000e+00,7.513394092173653060e-02
6.000000000000000000e+00,-1.825593497232200768e-01
1.000000000000000000e+01,-1.725046159203445784e-01
7.000000000000000000e+00,1.501063212570690752e-01
1.000000000000000000e+01,8.497315628047176217e-01
3.000000000000000000e+00,-7.062032055254180429e-02
7.000000000000000000e+00,-9.989803104586267857e-01
1.000000000000000000e+01,5.229609283127614194e-01
1.000000000000000000e+00,-9.461058884207954739e-03
5.000000000000000000e+00,1.116443580087384535e-01
1.000000000000000000e+01,-7.809451179059016812e-02
4.000000000000000000e+00,-4.540536630853795469e-02
1.000000000000000000e+01,-2.279182288828953684e-01
1.000000000000000000e+01,4.791289148700714207e-01
3.000000000000000000e+00,-1.257560175440965589e-03
4.000000000000000000e+00,-1.314752856421236848e-01
5.000000000000000000e+00,-2.085306779476590600e-01
7.000000000000000000e+00,-5.484324436026065674e-01
1.000000000000000000e+00,-5.943462877466720862e-02
8.000000000000000000e+00,5.943072017061561407e-01
1.000000000000000000e+01,1.417346504024730725e-01
1.000000000000000000e+00,-5.023402606910098989e-02
9.000000000000000000e+00,-8.014656451417545568e-02
3.000000000000000000e+00,1.115783073531595171e-01
4.000000000000000000e+00,-8.503697068172225149e-02
1.000000000000000000e+01,5.587293293042403519e-01
5.000000000000000000e+00,1.387143708319749646e-01
3.000000000000000000e+00,1.107520383063192587e-01
3.000000000000000000e+00,1.572386264954451496e-01
4.000000000000000000e+00,-2.542229235102069773e-01
5.000000000000000000e+00,-7.041526901340493250e-02
7.000000000000000000e+00,-5.840469173988825924e-01
8.000000000000000000e+00,-5.388464991081861610e-01
6.000000000000000000e+00,-1.179087960508882760e-01
6.000000000000000000e+00,-5.561809485914842588e-02
4.000000000000000000e+00,-3.981355134583146604e-01
9.000000000000000000e+00,-2.337104647578807093e-01
2.000000000000000000e+00,1.257008235362740145e-02
1.000000000000000000e+00,-2.602245361034391177e-02
4.000000000000000000e+00,2.874973895729582285e-01
1.000000000000000000e+00,1.705647430687551591e-01
9.000000000000000000e+00,-2.441887974919490500e-02
1.000000000000000000e+00,1.580354215583004152e-01
8.000000000000000000e+00,-9.866778425717226408e-01
4.000000000000000000e+00,1.392241683459059798e-01
9.000000000000000000e+00,-1.432119177736975446e-01
1.000000000000000000e+00,-1.384127095117211603e-02
8.000000000000000000e+00,-2.150150928648728588e-01
7.000000000000000000e+00,-3.222401950755847677e-01
3.000000000000000000e+00,1.828303625399165314e-02
4.000000000000000000e+00,2.683873454166169625e-01
7.000000000000000000e+00,1.953498144547784754e-01
9.000000000000000000e+00,-3.032968880577164850e-01
2.000000000000000000e+00,4.739501803805482721e-02
9.000000000000000000e+00,-3.046584751345400924e-02
8.000000000000000000e+00,-6.989370999665184270e-01
9.000000000000000000e+00,-1.165142761717615771e-01
2.000000000000000000e+00,-1.065292271768757265e-01
2.000000000000000000e+00,3.601056507638773080e-02
7.000000000000000000e+00,-1.383313852055204407e+00
4.000000000000000000e+00,3.557624417096652003e-01
2.000000000000000000e+00,6.633297633159362938e-02
5.000000000000000000e+00,9.479512042910059888e-02
5.000000000000000000e+00,2.453321951412999469e-01
8.000000000000000000e+00,3.983246881587207411e-01
4.000000000000000000e+00,-3.425475302629061858e-01
3.000000000000000000e+00,-9.251753677077760585e-02
9.000000000000000000e+00,-2.188206688184418935e-01
8.000000000000000000e+00,1.057867880453789322e+00
1.000000000000000000e+00,1.399888839333056079e-01
1.000000000000000000e+01,-3.714764675685083145e-02
4.000000000000000000e+00,-1.717948675227502775e-01
8.000000000000000000e+00,6.343423262560913267e-01
9.000000000000000000e+00,6.301964541736683190e-01
9.000000000000000000e+00,-4.741686516817620982e-03
9.000000000000000000e+00,-1.965860117041303146e-01
3.000000000000000000e+00,-7.889748585699671302e-02
4.000000000000000000e+00,-2.293479056421124374e-01
4.000000000000000000e+00,-5.270676869907610362e-02
3.000000000000000000e+00,-1.510613946315426392e-01
7.000000000000000000e+00,1.730185889859865656e+00
9.000000000000000000e+00,1.879135066806899290e-01
4.000000000000000000e+00,-3.673287668842517562e-01
4.000000000000000000e+00,-1.048257902808769765e-01
6.000000000000000000e+00,1.060057812589610821e-01
3.000000000000000000e+00,7.258923126567179418e-02
5.000000000000000000e+00,9.379827538505366991e-02
6.000000000000000000e+00,3.790862190197077375e-01
8.000000000000000000e+00,-9.405105192817601045e-01
5.000000000000000000e+00,2.514487116890014584e-01
5.000000000000000000e+00,-2.624284350844021674e-01
8.000000000000000000e+00,1.101157145113502045e+00
9.000000000000000000e+00,7.453474776749740016e-01
6.000000000000000000e+00,4.972556008232699165e-01
3.000000000000000000e+00,1.056505107995786147e-01
4.000000000000000000e+00,4.498978224430059264e-02
7.000000000000000000e+00,-6.376066231095590953e-02
1.000000000000000000e+01,-1.488746303839520446e-01
6.000000000000000000e+00,3.974759682342557943e-01
6.000000000000000000e+00,-1.297038574405997569e-01
4.000000000000000000e+00,-1.574613843787718917e-02
1.000000000000000000e+00,-9.184502643044482884e-02
8.000000000000000000e+00,2.836661244654901659e-01
2.000000000000000000e+00,5.535008682011802184e-02
1.000000000000000000e+01,-1.595740213409594932e-01
2.000000000000000000e+00,-3.047422181941501426e-02
9.000000000000000000e+00,-4.904341139104784197e-02
5.000000000000000000e+00,3.540100586324689685e-02
6.000000000000000000e+00,1.686139513270017432e-01
4.000000000000000000e+00,1.385384221516199332e-01
7.000000000000000000e+00,4.163695861307959434e-01
4.000000000000000000e+00,7.855205665179072760e-02
5.000000000000000000e+00,1.474838780058618584e-02
4.000000000000000000e+00,-2.624075690190767474e-01
5.000000000000000000e+00,-2.978013530676070775e-01
5.000000000000000000e+00,-1.975554533273505831e-01
6.000000000000000000e+00,6.946051408631699620e-02
5.000000000000000000e+00,3.636346341508909369e-02
9.000000000000000000e+00,3.432393827663209884e-01
8.000000000000000000e+00,-4.960342872063052133e-01
6.000000000000000000e+00,-1.669203671789963872e-01
5.000000000000000000e+00,2.465899165318149455e-01
8.000000000000000000e+00,4.312309664675637727e-02
1.000000000000000000e+00,9.721869355185847050e-02
2.000000000000000000e+00,3.775356997077702892e-02
3.000000000000000000e+00,-5.118836870536404120e-03
2.000000000000000000e+00,4.054139481569064840e-02
4.000000000000000000e+00,-2.410600807496827425e-01
8.000000000000000000e+00,-5.423764716042245304e-01
9.000000000000000000e+00,2.523162890076844911e-01
5.000000000000000000e+00,2.184749244302439664e-01
4.000000000000000000e+00,4.635235770487183826e-02
2.000000000000000000e+00,3.011045021379788605e-02
8.000000000000000000e+00,-2.214048028194352202e+00
6.000000000000000000e+00,1.555400567864246020e-01
1.000000000000000000e+01,2.314726695068526352e-01
9.000000000000000000e+00,-2.651628631569041272e-01
7.000000000000000000e+00,6.290605500985703147e-01
5.000000000000000000e+00,-8.150742493711467251e-02
3.000000000000000000e+00,-1.106634409757143583e-01
7.000000000000000000e+00,1.133065688295362139e-01
5.000000000000000000e+00,-1.162211784537887233e-01
8.000000000000000000e+00,-9.034299079365302187e-01
8.000000000000000000e+00,7.171629521625280113e-01
2.000000000000000000e+00,1.466586871153188476e-01
8.000000000000000000e+00,-5.985166494201642484e-01
2.000000000000000000e+00,3.183720649552947146e-02
2.000000000000000000e+00,-7.941896793402021537e-02
1.000000000000000000e+01,-3.561486111466352078e-01
3.000000000000000000e+00,-1.720786612914511002e-02
4.000000000000000000e+00,7.174411970703918617e-02
4.000000000000000000e+00,3.053943698351233582e-01
8.000000000000000000e+00,-3.688870825354423344e-01
5.000000000000000000e+00,-2.402716788622680510e-01
1.000000000000000000e+00,1.183708792649943997e-01
4.000000000000000000e+00,1.575441008780520680e-01
8.000000000000000000e+00,1.278101823028119921e-01
6.000000000000000000e+00,7.300842507751152677e-02
3.000000000000000000e+00,3.917582440413842904e-02
8.000000000000000000e+00,7.598135626095198214e-01
5.000000000000000000e+00,1.878486586380500450e-02
1.000000000000000000e+00,1.060481878944746353e-01
1.000000000000000000e+01,-7.725475993211744496e-01
3.000000000000000000e+00,3.983415815248583097e-02
2.000000000000000000e+00,-3.581511151049736330e-02
7.000000000000000000e+00,-3.564624174051638228e-01
2.000000000000000000e+00,7.591763134416398828e-02
7.000000000000000000e+00,1.393183865972873366e-02
7.000000000000000000e+00,-4.922379529651595975e-01
2.000000000000000000e+00,-6.239185979905814694e-02
7.000000000000000000e+00,1.243954472230880404e+00
9.000000000000000000e+00,-5.136372416364297644e-01
5.000000000000000000e+00,8.086470684235143314e-02
8.000000000000000000e+00,7.114296214578563760e-01
4.000000000000000000e+00,4.186340204433426360e-01
6.000000000000000000e+00,-2.384596937754887847e-01
1.000000000000000000e+00,4.332862942611973717e-02
4.000000000000000000e+00,-1.876122533344664889e-01
1.000000000000000000e+00,-1.005909106409716147e-01
9.000000000000000000e+00,-5.565861958930272690e-01
7.000000000000000000e+00,-2.496550092634220730e-01
6.000000000000000000e+00,-1.683101754590884402e-01
3.000000000000000000e+00,-5.702378826193056638e-02
1.000000000000000000e+01,-8.540905678320737104e-01
6.000000000000000000e+00,-8.155515594518253364e-02
8.000000000000000000e+00,-1.889567271004206073e-01
1.000000000000000000e+01,4.192929934940766157e-01
1.000000000000000000e+01,-5.967645922731371066e-02
4.000000000000000000e+00,-2.232611772312455278e-01
3.000000000000000000e+00,-1.407724167925878955e-01
3.000000000000000000e+00,8.765548873502999883e-02
1.000000000000000000e+01,5.867799404211905268e-01
3.000000000000000000e+00,2.560073771180084584e-02
2.000000000000000000e+00,2.842547281275152604e-02
1.000000000000000000e+00,1.176428067243849400e-02
5.000000000000000000e+00,-3.488001908978045906e-02
6.000000000000000000e+00,-5.549385423818489760e-02
6.000000000000000000e+00,-2.165407460404621676e-01
4.000000000000000000e+00,7.932881995046625612e-02
9.000000000000000000e+00,-6.605193264223012395e-02
1.000000000000000000e+00,4.440852223676321209e-02
7.000000000000000000e+00,-9.887904805349582160e-01
7.000000000000000000e+00,8.295519668765352073e-01
1.000000000000000000e+01,3.159856318157318322e-02
4.000000000000000000e+00,-4.988586981113474761e-01
7.000000000000000000e+00,-4.026145784756101076e-01
9.000000000000000000e+00,3.257210452112901389e-01
4.000000000000000000e+00,3.667805983662705133e-02
6.000000000000000000e+00,-1.318439975891249651e-02
1.000000000000000000e+00,-1.022462027126505579e-01
2.000000000000000000e+00,-1.033165217583051909e-01
5.000000000000000000e+00,-1.918001588916727063e-01
7.000000000000000000e+00,-9.451467752688170743e-01
6.000000000000000000e+00,-2.845622467186705862e-01
7.000000000000000000e+00,4.096956267629005555e-01
5.000000000000000000e+00,6.315015948101331163e-03
2.000000000000000000e+00,-3.362090090863251862e-02
7.000000000000000000e+00,7.500910174400791108e-01
5.000000000000000000e+00,3.551496747530327180e-01
3.000000000000000000e+00,-3.252236401649045289e-02
8.000000000000000000e+00,3.873477870511650711e-01
2.000000000000000000e+00,-1.449687091202697675e-01
7.000000000000000000e+00,-6.133170037360822224e-01
8.000000000000000000e+00,-9.960804255457758050e-01
2.000000000000000000e+00,2.812439944441261219e-02
1.000000000000000000e+01,-6.779841645764195235e-01
9.000000000000000000e+00,4.319124784171208820e-01
3.000000000000000000e+00,-1.127579736342097794e-01
8.000000000000000000e+00,2.697173613114123847e-01
4.000000000000000000e+00,1.912873579883605513e-01
7.000000000000000000e+00,-1.284529129242573120e+00
4.000000000000000000e+00,-6.446842434071521633e-02
5.000000000000000000e+00,3.903754055118036081e-02
1.000000000000000000e+01,4.865370132504482914e-01
9.000000000000000000e+00,6.502942456014714212e-01
6.000000000000000000e+00,1.976996706738244347e-01
1.000000000000000000e+00,-2.683397125953574519e-02
6.000000000000000000e+00,1.141895033409712212e-02
3.000000000000000000e+00,-9.873113025526375052e-04
1.000000000000000000e+00,2.076523050534252735e-02
4.000000000000000000e+00,-2.263359728276894411e-01
1.000000000000000000e+01,4.521136592534937687e-02
5.000000000000000000e+00,2.607787171932123282e-01
7.000000000000000000e+00,-7.250303918049701979e-01
3.000000000000000000e+00,-8.403847426736645032e-02
7.000000000000000000e+00,5.842659279202013778e-01
9.000000000000000000e+00,-5.508413557940944338e-01
1.000000000000000000e+01,1.876881859992277912e-01
4.000000000000000000e+00,-1.376537934062782020e-01
4.000000000000000000e+00,6.093850420281252123e-02
9.000000000000000000e+00,4.046447118032664436e-01
9.000000000000000000e+00,5.549873106798963035e-02
9.000000000000000000e+00,-6.203966489959901187e-01
6.000000000000000000e+00,3.183029708154123671e-01
6.000000000000000000e+00,3.387201264496770836e-01
3.000000000000000000e+00,1.285171738145462206e-01
6.000000000000000000e+00,-6.397155263975660977e-02
3.000000000000000000e+00,-3.607396993595303469e-02
8.000000000000000000e+00,3.681022741441513646e-01
3.000000000000000000e+00,1.461585202406681383e-01
5.000000000000000000e+00,-1.866307122618152403e-01
2.000000000000000000e+00,1.125579319271056630e-02
5.000000000000000000e+00,1.722506219727457655e-01
2.000000000000000000e+00,1.156807757843810458e-01
2.000000000000000000e+00,4.868118344632096223e-02
1.000000000000000000e+00,-8.588754576335480562e-02
4.000000000000000000e+00,3.751574836625184983e-02
1.000000000000000000e+00,5.189147019604672950e-02
2.000000000000000000e+00,6.086359956466298043e-02
2.000000000000000000e+00,3.004449988612211686e-01
6.000000000000000000e+00,-9.389932901814795896e-02
1.000000000000000000e+00,-1.205995403055725931e-02
1.000000000000000000e+01,-1.925375393497057996e-01
7.000000000000000000e+00,-2.258474057407059976e-01
3.000000000000000000e+00,-3.955848040150609923e-02
3.000000000000000000e+00,-9.926572268993811426e-03
1.000000000000000000e+01,1.369779383362444147e-01
5.000000000000000000e+00,5.587154992097238815e-02
3.000000000000000000e+00,-8.209384765243378512e-02
4.000000000000000000e+00,8.372721538895497306e-02
5.000000000000000000e+00,5.193621747816314083e-02
3.000000000000000000e+00,5.415417593357263470e-02
8.000000000000000000e+00,-5.710086810569230120e-02
1.000000000000000000e+01,-3.085248775616931116e-01
2.000000000000000000e+00,-5.820598898822224726e-02
1.000000000000000000e+00,1.270866064777672610e-01
1.000000000000000000e+01,-2.948799495591404862e-01
1.000000000000000000e+01,-3.959128069983003928e-01
4.000000000000000000e+00,-4.847316635870133061e-02
9.000000000000000000e+00,-5.081074139202898521e-02
6.000000000000000000e+00,1.504475271308333972e-01
3.000000000000000000e+00,-4.052709360312062303e-02
3.000000000000000000e+00,-2.582132788167998405e-02
4.000000000000000000e+00,-4.645750098506920556e-02
1.000000000000000000e+01,-5.659301009704579277e-01
9.000000000000000000e+00,-3.649651371401211319e-01
1.000000000000000000e+01,-5.189128564026147528e-01
3.000000000000000000e+00,7.931940688986909016e-02
6.000000000000000000e+00,-3.018842370973840450e-01
5.000000000000000000e+00,9.472281568568530208e-02
3.000000000000000000e+00,-6.860852077806810223e-02
2.000000000000000000e+00,1.146944159203314578e-01
1.000000000000000000e+01,4.890625515071067020e-01
2.000000000000000000e+00,2.314317461062602790e-02
4.000000000000000000e+00,-7.632867649526785259e-02
8.000000000000000000e+00,-7.836998847065357321e-01
5.000000000000000000e+00,1.633887678016336387e-01
8.000000000000000000e+00,-1.272331498368628189e-01
2.000000000000000000e+00,-1.410308992997812427e-01
3.000000000000000000e+00,1.237329724344191917e-01
1.000000000000000000e+01,-4.046359458076065896e-01
3.000000000000000000e+00,1.297601768605610439e-01
5.000000000000000000e+00,4.669064801767127126e-01
5.000000000000000000e+00,-1.123646886662021116e-01
2.000000000000000000e+00,-1.287082903835424412e-03
2.000000000000000000e+00,1.404887178042316942e-01
5.000000000000000000e+00,-1.790749002452064476e-01
1.000000000000000000e+01,-4.385378734890921781e-01
5.000000000000000000e+00,8.307084365245044622e-02
6.000000000000000000e+00,-3.243169225217559098e-02
9.000000000000000000e+00,-1.206107658617698447e-01
1.000000000000000000e+01,-1.739321920855831372e-01
3.000000000000000000e+00,-1.470443567050069567e-01
1.000000000000000000e+00,-1.228247817313320028e-01
3.000000000000000000e+00,-3.715351468624017439e-02
2.000000000000000000e+00,1.426238023116704057e-01
1.000000000000000000e+01,3.441452167262800677e-01
1.000000000000000000e+01,-9.129132623080162823e-01
2.000000000000000000e+00,2.615292554250005230e-02
5.000000000000000000e+00,-1.495266682542946146e-01
8.000000000000000000e+00,1.048843840725190102e+00
5.000000000000000000e+00,-1.040156525938279036e-01
8.000000000000000000e+00,-6.369506631602853686e-01
7.000000000000000000e+00,-1.430072409869093952e-01
1.000000000000000000e+00,2.849706519367947721e-02
8.000000000000000000e+00,5.635067022737071385e-01
3.000000000000000000e+00,-8.080287918123404967e-02
5.000000000000000000e+00,-1.555469929440179699e-01
8.000000000000000000e+00,5.513746125972597278e-01
1.000000000000000000e+00,2.972041004315251200e-03
7.000000000000000000e+00,9.430573293161648163e-01
2.000000000000000000e+00,2.062199408128647868e-02
8.000000000000000000e+00,-6.253070972158499830e-01
7.000000000000000000e+00,-3.745770462631746178e-01
9.000000000000000000e+00,4.636203183216291990e-02
1.000000000000000000e+00,-1.664015787865852011e-02
4.000000000000000000e+00,9.258929748228673928e-02
1.000000000000000000e+01,-4.739140499202438850e-01
8.000000000000000000e+00,-1.223044515706355417e+00
3.000000000000000000e+00,8.537687887898683103e-02
5.000000000000000000e+00,3.208256157349915760e-01
6.000000000000000000e+00,-1.454738578861446141e-01
7.000000000000000000e+00,1.744945323301988038e+00
8.000000000000000000e+00,-4.584000428376600600e-01
4.000000000000000000e+00,-1.203058347506364145e-01
9.000000000000000000e+00,9.418870766579058584e-02
2.000000000000000000e+00,1.334928605066381946e-01
8.000000000000000000e+00,-2.775984466427943165e-01
8.000000000000000000e+00,3.095220964975071154e-01
3.000000000000000000e+00,1.979949039206168465e-02
9.000000000000000000e+00,1.002510949605352891e-01
1.000000000000000000e+01,-5.992870122376258157e-01
6.000000000000000000e+00,-1.049668372142952971e-01
2.000000000000000000e+00,9.181577360543263788e-02
8.000000000000000000e+00,-6.905688792389903519e-01
6.000000000000000000e+00,1.460822617796071581e-02
9.000000000000000000e+00,4.060911757171671299e-01
6.000000000000000000e+00,4.571718261583965215e-03
9.000000000000000000e+00,6.761825196413335202e-03
8.000000000000000000e+00,-1.874518071550076437e-01
2.000000000000000000e+00,-4.097292410862926615e-02
1.000000000000000000e+00,6.007224435460330192e-02
4.000000000000000000e+00,1.018460127505189106e-01
9.000000000000000000e+00,-4.611330318028732944e-01
4.000000000000000000e+00,2.720075077293439558e-01
1.000000000000000000e+00,8.334731844149606550e-02
8.000000000000000000e+00,1.208849335825090687e+00
7.000000000000000000e+00,-6.926075561543268977e-01
3.000000000000000000e+00,1.936596511093676559e-02
1.000000000000000000e+00,-9.792877530881412274e-02
6.000000000000000000e+00,1.069193411247375547e-01
4.000000000000000000e+00,-2.210800060051210658e-01
4.000000000000000000e+00,2.818226009017041345e-01
9.000000000000000000e+00,3.711967556776953892e-01
7.000000000000000000e+00,-3.004713704792507656e-01
4.000000000000000000e+00,5.616504474639710809e-02
6.000000000000000000e+00,1.570138382936437926e-01
7.000000000000000000e+00,-4.718486780664503666e-01
2.000000000000000000e+00,3.747837002247141752e-02
1.000000000000000000e+01,1.761962990194956558e-01
4.000000000000000000e+00,-6.970230631323531822e-01
5.000000000000000000e+00,-3.264168683779497537e-02
9.000000000000000000e+00,-2.760331125932903307e-01
4.000000000000000000e+00,4.147602812953196660e-02
1.000000000000000000e+01,-1.023534954252469209e+00
1.000000000000000000e+00,-1.869177866565886470e-01
2.000000000000000000e+00,-3.238174850957632050e-02
9.000000000000000000e+00,3.842541207915520785e-01
1.000000000000000000e+00,-7.595137249506775379e-02
9.000000000000000000e+00,6.459297659210394560e-01
5.000000000000000000e+00,3.804807878304059671e-02
9.000000000000000000e+00,-1.527903163678087928e-01
5.000000000000000000e+00,-2.704381650077012922e-01
3.000000000000000000e+00,1.196328326898048050e-01
8.000000000000000000e+00,-9.926709415508699896e-01
8.000000000000000000e+00,9.182270508486422012e-01
8.000000000000000000e+00,-9.683562465186333901e-01
3.000000000000000000e+00,1.509049948281611098e-01
4.000000000000000000e+00,-3.095756938388058987e-01
7.000000000000000000e+00,4.740380407683164599e-01
2.000000000000000000e+00,3.176289660038008472e-02
2.000000000000000000e+00,3.738926129665898213e-02
3.000000000000000000e+00,1.584250670059403300e-03
1.000000000000000000e+01,-2.293485744705463514e-01
8.000000000000000000e+00,-8.327227414004884087e-02
6.000000000000000000e+00,1.887852053392714280e-01
1.000000000000000000e+00,2.228453154862276159e-02
9.000000000000000000e+00,8.301280836260631346e-02
4.000000000000000000e+00,3.190798235258777704e-01
2.000000000000000000e+00,2.336960372765033711e-01
2.000000000000000000e+00,-3.521319933388084022e-02
9.000000000000000000e+00,-1.023037389327219326e-01
1.000000000000000000e+01,-3.193700683460708456e-01
1.000000000000000000e+01,2.843919159154936205e-01
1.000000000000000000e+01,-8.202500773053993388e-01
1.000000000000000000e+01,-7.927397695061583205e-02
5.000000000000000000e+00,4.420442017917856070e-01
8.000000000000000000e+00,1.522994162202640500e-01
7.000000000000000000e+00,-4.864057229384625702e-01
4.000000000000000000e+00,6.594116571258877568e-03
9.000000000000000000e+00,3.335008333618188492e-01
2.000000000000000000e+00,1.544651186814316457e-01
1.000000000000000000e+01,-6.051261033247140597e-01
9.000000000000000000e+00,7.743648921360031245e-01
4.000000000000000000e+00,6.035467897025501016e-02
2.000000000000000000e+00,2.487549838356438101e-02
1.000000000000000000e+01,3.633953323902832100e-01
1.000000000000000000e+01,7.298939871609716468e-01
3.000000000000000000e+00,9.440312534489232743e-02
7.000000000000000000e+00,-9.120559266134522711e-03
5.000000000000000000e+00,-3.042183947706513236e-01
4.000000000000000000e+00,-1.479874225928005937e-01
6.000000000000000000e+00,-6.065507864927739690e-02
2.000000000000000000e+00,2.512230738444762301e-02
2.000000000000000000e+00,1.689234849554505369e-01
8.000000000000000000e+00,2.724594961251513570e-01
4.000000000000000000e+00,6.827023173699663106e-02
7.000000000000000000e+00,-6.970121145727368184e-01
3.000000000000000000e+00,-2.645467788500104056e-02
9.000000000000000000e+00,9.460152294489171387e-02
1.000000000000000000e+00,2.774511253586930959e-02
8.000000000000000000e+00,-5.174832946315254256e-01
6.000000000000000000e+00,1.465527830286418032e-01
3.000000000000000000e+00,4.208364897249342040e-02
2.000000000000000000e+00,-1.729016248739633499e-01
2.000000000000000000e+00,-1.666767172552874876e-01
6.000000000000000000e+00,-1.736145436940565168e-01
2.000000000000000000e+00,-6.405799892211244684e-02
7.000000000000000000e+00,1.349402907496223269e-01
6.000000000000000000e+00,-3.808119422504986917e-01
4.000000000000000000e+00,-7.991704428346964317e-02
7.000000000000000000e+00,-3.766182318763908188e-02
2.000000000000000000e+00,9.709019120383650947e-02
1.000000000000000000e+00,-1.620072357794091200e-01
2.000000000000000000e+00,-1.215900461930719823e-01
9.000000000000000000e+00,2.471121703531491964e-01
7.000000000000000000e+00,-3.658017854758033871e-01
4.000000000000000000e+00,2.652138134747393239e-01
9.000000000000000000e+00,1.339041772165000532e-01
7.000000000000000000e+00,3.293881569857454172e-01
9.000000000000000000e+00,-4.809877159904360489e-01
8.000000000000000000e+00,-8.510382880447242560e-01
1.000000000000000000e+01,2.743323213731964083e-01
3.000000000000000000e+00,-8.639414976060888485e-02
8.000000000000000000e+00,-6.512532038345131280e-01
1.000000000000000000e+00,4.974213259454240976e-02
2.000000000000000000e+00,9.999735398799315667e-02
2.000000000000000000e+00,-2.037767924539580500e-01
4.000000000000000000e+00,-7.141278033304471196e-02
7.000000000000000000e+00,4.897282217964352147e-01
5.000000000000000000e+00,1.508142584321185697e-02
7.000000000000000000e+00,2.454321407529289900e-01
2.000000000000000000e+00,-6.286348847610648272e-02
1.000000000000000000e+01,3.315942291580034063e-01
7.000000000000000000e+00,4.026795690400364891e-01
8.000000000000000000e+00,2.993647436505528781e-01
1.000000000000000000e+00,-1.689623309281190755e-01
3.000000000000000000e+00,8.430839379523237531e-02
6.000000000000000000e+00,-1.029763304331729190e-01
1.000000000000000000e+00,-2.345217953648738932e-02
5.000000000000000000e+00,2.701729306119879381e-01
7.000000000000000000e+00,6.403148461213232778e-01
7.000000000000000000e+00,2.665940829593063666e-01
4.000000000000000000e+00,-3.607452382443712691e-02
7.000000000000000000e+00,-7.866673002111587154e-01
9.000000000000000000e+00,2.124668964536919891e-01
1.000000000000000000e+00,-3.778984146780949016e-02
4.000000000000000000e+00,3.258847036550319848e-02
5.000000000000000000e+00,2.721133136649089845e-01
6.000000000000000000e+00,2.114969939966815371e-01
1.000000000000000000e+01,1.141376754482845923e+00
8.000000000000000000e+00,1.521621775835231838e-01
5.000000000000000000e+00,9.908288526187372658e-03
1.000000000000000000e+01,-3.200312610446211931e-02
2.000000000000000000e+00,3.784074711579774736e-02
8.000000000000000000e+00,8.613901242738236652e-02
9.000000000000000000e+00,-1.992051239104702109e-01
1.000000000000000000e+01,-3.221712962357702326e-01
3.000000000000000000e+00,3.469335548650143847e-02
9.000000000000000000e+00,2.432767064292084072e-02
2.000000000000000000e+00,-1.986451908659223053e-02
8.000000000000000000e+00,1.412746193922696625e+00
3.000000000000000000e+00,-1.037680302199643217e-01
2.000000000000000000e+00,-3.698389677009826515e-02
7.000000000000000000e+00,1.297911973544922493e+00
9.000000000000000000e+00,2.748773994673005538e-01
6.000000000000000000e+00,-2.818646830576155421e-02
7.000000000000000000e+00,6.629181152638091712e-02
8.000000000000000000e+00,-8.033038603909791187e-01
4.000000000000000000e+00,-1.509792832354172609e-01
3.000000000000000000e+00,5.364856959291952609e-02
1.000000000000000000e+00,1.653897570708618703e-01
3.000000000000000000e+00,1.082960712084734545e-01
5.000000000000000000e+00,2.917244292971550301e-01
3.000000000000000000e+00,8.567641436464804028e-02
4.000000000000000000e+00,2.511543149378089312e-01
7.000000000000000000e+00,9.102468746770180086e-02
4.000000000000000000e+00,2.941419597555713361e-01
5.000000000000000000e+00,-7.743801297397616412e-02
1.000000000000000000e+00,1.288076229620061797e-01
5.000000000000000000e+00,-1.174002210230197102e-01
5.000000000000000000e+00,9.396292006948993997e-03
1.000000000000000000e+00,4.063966237980715795e-02
2.000000000000000000e+00,3.061828598009890250e-03
9.000000000000000000e+00,-5.043485521348274325e-01
8.000000000000000000e+00,7.072822741011555170e-01
3.000000000000000000e+00,-5.431333509307322699e-02
7.000000000000000000e+00,-2.970553580726081333e-01
3.000000000000000000e+00,-1.382124399156477723e-01
3.000000000000000000e+00,1.557862162316704657e-01
1.000000000000000000e+01,7.230655620786102800e-02
7.000000000000000000e+00,4.447926944118380521e-01
1.000000000000000000e+01,-2.240039661496223689e-01
7.000000000000000000e+00,1.427264751829442901e-01
9.000000000000000000e+00,-1.177553493147551755e-01
7.000000000000000000e+00,4.606858684324252051e-01
2.000000000000000000e+00,-5.835895331679023107e-02
4.000000000000000000e+00,3.870023067105304859e-02
6.000000000000000000e+00,1.862327141754840654e-01
5.000000000000000000e+00,7.834068699001778269e-02
5.000000000000000000e+00,1.922316454178600864e-01
1.000000000000000000e+01,2.435266743924112687e-01
6.000000000000000000e+00,3.740785155731642941e-01
4.000000000000000000e+00,-1.443352032285213360e-01
1.000000000000000000e+00,-1.759985331531377373e-01
7.000000000000000000e+00,-4.241569684102035609e-01
1.000000000000000000e+01,1.970978618285834094e-01
3.000000000000000000e+00,1.220774373386010747e-01
1.000000000000000000e+01,-9.662829618500297091e-01
9.000000000000000000e+00,-1.365290771839774153e-01
1.000000000000000000e+01,-9.970972069877517829e-02
8.000000000000000000e+00,8.269502629048939291e-01
9.000000000000000000e+00,-5.075066234155825029e-01
6.000000000000000000e+00,5.401498490133796460e-02
1.000000000000000000e+01,5.785628555377394511e-01
2.000000000000000000e+00,1.328407051671350592e-01
7.000000000000000000e+00,3.513014620848557423e-01
5.000000000000000000e+00,-1.593638272473976714e-01
9.000000000000000000e+00,1.999345701917894791e-01
1.000000000000000000e+01,-1.157468668427820008e-01
4.000000000000000000e+00,2.432240543821927448e-01
2.000000000000000000e+00,3.947412753087370385e-02
2.000000000000000000e+00,3.158166525359014376e-02
3.000000000000000000e+00,-8.017244167033719948e-03
2.000000000000000000e+00,8.164379328247074741e-02
4.000000000000000000e+00,4.663205097532301391e-01
3.000000000000000000e+00,-5.921650578891213962e-02
4.000000000000000000e+00,1.241944654151079519e-01
6.000000000000000000e+00,-3.418801632135209240e-02
5.000000000000000000e+00,-2.912485186502751233e-01
4.000000000000000000e+00,2.262178873541899060e-01
6.000000000000000000e+00,3.445867141930618605e-01
4.000000000000000000e+00,-1.175818461488216393e-01
1.000000000000000000e+01,1.278934931333020608e-01
8.000000000000000000e+00,3.592527891077979540e-01
8.000000000000000000e+00,5.939287293933245282e-01
4.000000000000000000e+00,-3.878535735979201857e-03
4.000000000000000000e+00,8.367438974557449283e-02
5.000000000000000000e+00,-1.478529816018128995e-01
9.000000000000000000e+00,-3.825204658282935766e-01
2.000000000000000000e+00,1.203808850011147402e-01
9.000000000000000000e+00,1.552238976258428493e-01
3.000000000000000000e+00,3.295502078029385190e-02
5.000000000000000000e+00,-2.912756138328774780e-01
1.000000000000000000e+01,-2.310961411609276372e-01
1.000000000000000000e+01,-9.708932240194467767e-02
5.000000000000000000e+00,-4.842408044849174503e-02
6.000000000000000000e+00,-3.944309245214843718e-01
3.000000000000000000e+00,8.168743140951843784e-02
1.000000000000000000e+00,1.761473472682852370e-01
7.000000000000000000e+00,2.828942594276570022e-01
1.000000000000000000e+01,5.604683912977184157e-01
1.000000000000000000e+01,1.962086958342972309e-01
4.000000000000000000e+00,-1.100677772070069449e-01
1.000000000000000000e+00,-4.879512578883098833e-02
2.000000000000000000e+00,-2.245371973904161655e-02
7.000000000000000000e+00,3.212056072974416865e-01
5.000000000000000000e+00,-2.854534106088659207e-01
3.000000000000000000e+00,9.838856819661566389e-02
4.000000000000000000e+00,-1.954867947205708723e-01
8.000000000000000000e+00,-7.657768371614482872e-01
9.000000000000000000e+00,-4.861016036953730302e-01
3.000000000000000000e+00,7.317564936400067221e-02
8.000000000000000000e+00,-6.658576983417802131e-01
1.000000000000000000e+00,-2.770920792153670070e-02
8.000000000000000000e+00,-3.007162702854869196e-01
5.000000000000000000e+00,9.818605492562157075e-03
2.000000000000000000e+00,-1.801088001369909042e-01
1.000000000000000000e+00,7.162125475129475782e-02
2.000000000000000000e+00,8.475846970406183956e-02
1.000000000000000000e+01,-3.300660307863361176e-01
1.000000000000000000e+00,8.307450865942344817e-03
9.000000000000000000e+00,-2.104759822177926232e-01
9.000000000000000000e+00,-1.467532049352612833e-02
2.000000000000000000e+00,-7.053114109997923875e-02
9.000000000000000000e+00,2.690958761522082576e-01
5.000000000000000000e+00,2.567657319991944465e-01
1.000000000000000000e+00,-9.347001026552670400e-02
4.000000000000000000e+00,1.466262315305127961e-01
1.000000000000000000e+01,7.631132657781503070e-01
5.000000000000000000e+00,1.296069481978385229e-01
8.000000000000000000e+00,-1.286002312976053386e-01
2.000000000000000000e+00,-2.014212453348632470e-01
9.000000000000000000e+00,-4.303758140604840299e-01
5.000000000000000000e+00,7.278304780754363268e-02
1.000000000000000000e+00,1.206422226076542537e-01
7.000000000000000000e+00,-2.192109485772869293e-01
6.000000000000000000e+00,-3.641821807280418710e-01
8.000000000000000000e+00,1.716457859231038385e-01
