0.3985983881614373,-0.192003697,-3.05376438,0.4798523711538174,-1.552698783,30.631938958658278
-0.34498721,-0.230839743,-2.793085,1.9375288136160798,0.36633201454005826,10.784712890194928
0.7278134999996488,0.5150736136393657,-2.782534468,0.5846466104774262,0.32427424344842104,10.85180517188967
-0.792740616,1.1306051773633974,-2.739141739,0.5103149781599827,-0.253619321,15.92327590423356
0.5304469375109967,0.570398842,-2.685124863,0.48954710189694756,0.6418601381709316,10.224366569990888
1.189010757,-2.318428478,-2.617290094,-1.814727088,0.1817410298295303,18.231676661006727
0.29002925830177295,0.6145536946190843,-2.586909966,0.6404643932509044,-2.076691282,30.61980042436598
1.397273258509965,-0.295135326,-2.582234798,0.5233902847694909,0.7599321025295837,1.2511669438709774
-0.691268957,1.1425639200052216,-2.514924624,0.8146250149842883,0.2761027539232751,10.435061020977052
1.6883837829950057,0.23732436396319365,-2.498212714,0.3843593530746588,-1.310654566,15.900355991971287
0.5248509452500714,-0.045382557,-2.452919863,0.5322881797215193,-0.317589328,7.118702879966197
-0.1218591,0.19084898317410026,-2.272159126,-2.914498917,0.39093518572425845,30.610760068916445
-0.339889592,0.309657106,-2.265311229,0.2349637623820404,-0.997210281,9.830764373800724
-0.879746204,-0.80052384,-2.251580439,-0.655481634,0.8834421787202936,12.580543307583165
0.29811228236959714,-0.13263657,-2.251076549,2.893592551828969,2.7421552116822685,22.265393856343067
-0.116927124,-2.020306611,-2.241022665,-0.328702658,0.2166800647560634,12.438275022689789
-0.828627979,0.528879746,-2.237086511,-1.107712502,-0.017718318,14.001244095895581
0.5288675207058305,-0.31056366,-2.223395982,-1.496826744,0.8011934529559119,10.545644555944461
1.7642850588125585,-1.387477934,-2.199057991,0.9301569973916998,0.30005125894933793,-3.06947852
0.3778297912979604,1.230299344816437,-2.1824254,0.099861448,-0.205677724,10.595791658595491
-1.530420735,-0.794702652,-2.17212271,0.19038723727463625,-1.405227544,15.370848312643119
0.3035897590687767,-0.80078704,-2.160628004,0.40665564934853815,-0.600504339,7.180387220598226
-0.273377138,1.476413992844696,-2.103492782,-0.532831961,-0.305053994,12.018394275391293
-1.499162862,0.4328522273782929,-2.088347042,1.1583817949984427,-1.409971138,4.262642934651024
0.018763656,2.100733045862727,-2.074789767,-0.626460014,0.8550823217580111,19.495924273433666
0.8101676027615305,-0.387050667,-2.072848092,0.5686974288646826,1.1468307292222146,-0.444263974
-0.284319208,0.5254102367074386,-2.050876126,0.2119085766812849,1.1105078797088426,4.980206770816794
0.8227610387971015,-1.922087225,-2.043549126,1.942953893558448,-0.804436165,14.56104444487539
-0.373020192,-1.332305294,-2.035902435,-0.660908476,-1.165218002,16.326849453477802
-0.544245911,-1.040962847,-2.032167324,0.8159891538121661,-0.153647325,6.081036147494554
-0.788276461,-1.21797338,-1.993136546,-0.057681758,1.9191687587935318,3.1870740349696645
-1.030798028,-0.2719388,-1.975730142,-0.588931176,0.851789638,7.007242461483889
-1.301959026,0.963193097,-1.963075068,0.1133482551732908,-0.324742264,7.52278128
-0.557494722,0.9391687441964878,-1.943323406,0.352494364,-0.236436952,5.652205367287495
0.4487003567731619,1.2041275262588091,-1.943099412,-1.564928768,0.9521821267404129,11.422632058275914
-0.618036848,-2.037201226,-1.942589181,-2.506440653,-2.114163922,44.45176138712839
-0.617795699,0.26285812822568444,-1.900427216,-0.666032075,-0.793734112,7.430095093057919
-1.804646885,0.022601129,-1.86986054,0.8582741761445626,0.4871400234483672,11.284530467271324
1.2638550067772896,0.043613094,-1.862259542,-0.480382486,-0.059483117,3.4089545392352347
0.6916360147084493,-0.092337273,-1.854060262,0.5687335475507086,-2.077860046,22.995286091610136
-0.904288639,1.6282387080178005,-1.847187511,-0.184949364,0.6611144634726759,9.635813948
0.094415407,-1.456690294,-1.835899041,0.3390251296105697,-1.77632334,17.734886388304645
0.21478198213195518,1.5819798151255589,-1.780787919,1.6301521350461106,-1.680121014,3.4525435154012234
0.083433195,0.6003944961151911,-1.776173442,0.9110824343340161,-0.365836654,4.001097352648456
-0.118952469,0.023769135688092996,-1.767222101,1.5414295054538227,-0.243984512,1.2788826969625582
-0.42630757,1.5138224070777258,-1.716694571,-0.65708336,0.3340344072861066,7.990291126041004
0.764502119,-0.702620277,-1.711764865,1.1811387284253252,1.6411361857075177,0.21292595324472485
0.2988350190684363,0.7671130964448215,-1.693348708,1.6388889307188654,-1.044998189,3.812830354490772
0.367922689,0.5917341853475254,-1.653669889,-1.030445981,0.8408610590325646,4.870568632269627
-0.675082664,1.2285052642654293,-1.642020328,-0.840332059,1.271048234,6.600972188610118
-0.663752005,0.47973691917588146,-1.639838761,0.9753386130718262,-1.545800847,3.0523089716173737
3.740248903704589,1.3402719103293055,-1.636474011,-0.458774976,0.7228226834002522,-29.35887614
1.4947691825286369,-0.097285845,-1.624358963,-0.84311733,-0.392168975,1.1194373379157068
-1.312283411,-0.038695509,-1.615772355,1.121417708235664,0.4089005379368278,4.878031030743266
-1.851385069,0.20987583339204216,-1.60673588,0.457304767,-1.448481699,5.251844612620127
0.882597763,-0.729965205,-1.591216382,0.5951892641245982,0.2733337915248003,-0.259921068
-0.424492791,-0.731530982,-1.565738151,1.0138224669717055,-2.227112632,16.525507112100115
0.5854927461359187,0.963700697,-1.563037035,-0.831148189,0.3332930685571591,4.013426486
0.2794013512216662,0.11478381140063329,-1.558594193,-0.849518776,1.1520065700146511,2.577793072017681
0.072251899,1.0097873349475586,-1.556941558,-0.612442128,-0.139351805,5.582995391693945
0.8527040617252863,0.035360097,-1.538793246,-0.447895185,0.6179855339203347,1.912364486925485
-0.347009949,0.6665899190285886,-1.535752209,0.085282982,0.21332926939765448,3.4960015462968226
0.48517755366254633,1.2871269332031163,-1.526427699,-3.064141356,0.11537031328626592,11.378113534369632
0.47789455603833475,-0.079740244,-1.520746217,-0.667930067,0.004938776,1.490197652278287
0.4567517329816256,0.099618047,-1.512339911,0.4439892322437849,1.028667566034073,0.7824556562010299
0.712570563,-1.07233211,-1.507075591,1.5846620395874347,1.135483968796023,3.8739468720931782
-0.237748098,0.5588029881851114,-1.504891284,-1.943921758,-1.174023677,11.189720621911894
1.3351413277186313,1.400617886,-1.500176883,0.13887887453617104,-1.20410135,4.151161905498346
0.2590319017920037,0.014448415017786457,-1.479580035,-0.240700502,-0.855671392,4.852910097208268
-0.37645906,0.2753692140618307,-1.469876307,1.326875539879139,-0.289416158,0.38043529807296755
0.5633216551065637,-0.829616484,-1.467152724,0.20822191248235844,1.7509950701583608,-0.840551269
0.8143431291489254,0.7804699297583744,-1.464053574,-0.154491194,-0.092432319,3.0943120252572567
-1.574073425,0.10059341767972574,-1.458981959,0.9525478184314949,-1.680674473,-0.981462436
0.57846442,-0.961263599,-1.45832446,0.49434165098237876,-1.494193765,10.322927356999635
-0.156842611,-0.646491027,-1.448991549,0.7794918660522115,-1.086300907,4.411521820671757
0.23223348124508864,0.22134858295678772,-1.440265116,-1.371751356,0.034474483,3.9448660525084933
1.9118295120412165,-0.303351115,-1.434213717,0.11152987853981361,-1.271167723,3.3577407450901378
0.6203914145092086,-0.26406316,-1.432205091,-0.100108837,-0.911963791,4.921494231349978
0.8350583653611483,-0.363053451,-1.432067026,-0.16601987,1.1689263743278715,-0.53884184
-0.036378644,1.9007793197238256,-1.424333675,1.2941823132591743,-0.701648532,4.537159888321294
0.6479248123129182,-1.351649385,-1.409209276,1.130725354529131,1.5666862010961442,-0.950658295
-0.479184915,-1.952105287,-1.402329145,0.4511229387345986,-0.694920901,5.482202288063207
-0.29078359,-0.33997997,-1.402210036,0.3263825577689079,0.2034114807361953,2.175913379532256
-1.803104399,-0.641014371,-1.401273915,-0.490644018,-0.356560604,14.758527624174901
0.32777988550956083,-0.388244561,-1.395128876,0.3700547857538322,-0.997435552,3.483643580439857
-1.103216346,-1.089551098,-1.389550238,0.8342832052517575,-0.449345848,4.051800300258134
-1.684954115,-0.7449865,-1.377755097,0.11355500464814536,0.056343728,11.09372909738933
2.047654837143558,-0.13637251,-1.369280405,1.2726233312944941,-0.998566415,-6.686694871
0.8540508405945584,0.6615557763078623,-1.358101461,2.4453780428813885,2.087213742421698,9.906045001371279
0.37985528341117386,-1.287548277,-1.343058686,-0.093361082,1.5593455991881504,-2.522942199
2.052005147275989,0.35075670142664944,-1.336997597,0.063344183,0.15072955244330996,-6.433004869
1.3024284110048896,-0.410169379,-1.331084138,0.6173501677890396,1.5691872803387452,-0.904936944
-0.489235389,-0.463184135,-1.330769215,0.6148357723988764,-0.003192571,2.332834025063456
1.6135615510922865,-1.263380941,-1.324249217,0.064717372,0.5569989401724988,-3.181572909
0.4500258590472651,-0.659839373,-1.323922608,0.3638469368228928,-0.419085104,1.476149375349928
0.21534143353239785,1.4303152020377417,-1.323600115,-0.420719815,-0.51725445,5.701933225067629
0.0663927,0.5406022320910384,-1.318896827,0.8454264291238803,0.13109219967497152,2.022828817117395
0.7754801738720201,-0.626456546,-1.318522511,-0.416075544,0.6316571009908744,0.9893656883893203
1.2366387666542806,-0.409431262,-1.317582038,0.2898594014928233,-0.3101969,-2.056960156
-0.133488669,1.986565111,-1.279426156,-1.340209176,0.3546020521128279,9.683653023391097
0.7586370630214484,0.032615483,-1.277636335,0.6585368715597955,0.9989016489932808,-0.07280461
-0.254310716,1.202059351006588,-1.271873578,1.0401527392549108,-0.091764193,1.426742268238679
0.5431137214467076,1.3770374566557113,-1.264210974,-0.487142247,0.069628536,5.512748046997546
0.48200619,-0.421101229,-1.262346884,-0.960920368,-0.617274871,4.723986749963238
1.5990507624118644,2.139918438166299,-1.253119247,-0.708827497,-0.012307696,5.548952897859662
0.061679136,-0.710815287,-1.251210579,-1.168939593,1.094731756595195,4.403250432353425
0.5770494926892056,-1.473180559,-1.246757438,1.7860628827371756,-2.306582513,23.229438749763087
1.1863977626475668,-2.075663929,-1.239348037,-0.058852745,-0.773816002,-0.797099676
1.8925694103431776,0.18734923810818546,-1.234354151,0.10513428153602078,-0.221839461,-4.389127731
1.2861262484521878,-0.309368778,-1.233673152,0.7166843102595768,-0.191776843,-1.764630795
-0.180920302,-0.603920628,-1.230058136,0.5505374959762154,0.7928068659193477,-0.140860901
0.783796881,-0.537907644,-1.217081042,2.0128566575147695,0.098533473,-0.633300276
0.4361815159008643,1.2084426041815277,-1.214373363,-0.343500026,-0.359020607,3.9382714595381096
-0.317466171,-0.838677408,-1.209100459,-1.565774845,-0.207879838,7.593605088982518
0.8200199055267631,-0.834498335,-1.205866912,0.005778392,0.11236384565475019,-1.84155665
0.5843776862125092,-1.837846768,-1.198304738,0.4026551913576191,0.4841061242127969,-0.641592262
0.39788042488185116,-0.996010889,-1.19586151,2.505980285318673,1.9197922864280879,8.474505908
-0.108232769,0.5812382717209089,-1.190651234,-0.653824523,0.35946106565128766,1.0350969791454858
-1.014904331,0.47430396535513825,-1.179824888,0.989957069,0.31762190031457216,0.015456959998576547
-1.323171817,1.715187299142576,-1.173573154,-0.113522708,0.704551646,7.882093780573703
-2.018355052,1.4391354025339331,-1.166464149,-0.98273897,1.036242776,14.507977056871429
-1.58662272,-0.964620339,-1.163628512,-0.401439519,1.3560197709352377,9.907740831103785
1.7721871755336824,1.2461230443044535,-1.163625567,0.061574231,-0.576460022,-3.764120653
0.4512840160401709,-1.684059986,-1.160170105,1.350106818681726,-0.33128317,3.556840903422395
0.051394552,0.4265123891294385,-1.159492544,0.1302358215396316,0.4259726426562453,1.0924289734158217
-0.232677284,0.7213456998222747,-1.159263454,1.0708331746652942,-0.498975553,-0.103318624
-0.338525725,-0.58162285,-1.156375592,0.6745282193394017,-0.590645379,2.1581476893973472
-1.075459817,0.1949556147899143,-1.147510058,1.254848753511963,-0.021103819,0.601663193
-0.108009869,-0.692174905,-1.146575255,0.5679305965730524,0.423871352,0.098818655
-1.64461881,-0.796662416,-1.145170111,0.8911211906779184,-0.081912814,8.192698501500724
1.2558611434205809,0.6589328879933323,-1.14435574,0.4846547176740095,0.3145199030982752,-0.12194999
-0.62353073,0.5205763370733708,-1.14434139,0.8018610318713447,0.046567298,0.47309273552188746
0.3001703199558275,-0.352249846,-1.142518198,-0.349342722,-0.208894233,1.5663928633708801
1.6108814773826814,1.0558686021830501,-1.118319837,-0.777175322,0.9944350023559069,4.470493476997837
0.7330232317190783,-1.898812059,-1.117110692,-0.508972278,-0.166485955,-1.506816815
-0.357740827,0.5481578995152582,-1.11528361,0.15617258928830538,-1.599639094,5.078408060438401
0.7800271353386294,-0.629441604,-1.113436103,-0.067410025,1.1614399816743937,0.16658254646175558
0.44023450438022393,0.8959214811709535,-1.10677887,-0.962662564,-1.251957432,3.317629912734115
0.9849516717192109,1.0712524278458908,-1.09715436,0.8386347472283774,-1.039182322,1.6995008235706885
-0.708654994,-0.87250244,-1.093790445,-1.53470006,-0.851262199,10.231141975393184
0.27713883157577573,1.2279086981752831,-1.091190557,-0.736377135,0.08040713,1.7536034701473997
0.6134563093558276,0.044225337,-1.090951129,0.16034678962392424,-0.182004594,-0.353086592
1.5392070096550627,-1.14870423,-1.090338332,1.700188146645526,0.6087836589081088,-2.720069801
0.23788367839136756,-0.792266306,-1.087602785,-0.583576146,-1.544487131,7.758708024904354
-1.11231429,0.7311453695585632,-1.062928762,-0.254633065,-1.168961345,3.495600024285293
-0.551323144,-0.768158476,-1.060273819,0.2606884809102133,0.5003195194866704,0.8587635993813045
-0.915424368,1.2251558492732308,-1.053546074,0.8160436843240609,-0.612406973,2.056148820859124
-0.467876689,-0.102980354,-1.046408334,-0.816730294,1.5179868289816196,1.8687139595799143
1.1612856933418074,1.069965538950133,-1.045534247,0.35528450700622954,0.7553920291908554,2.223076115939492
-1.396660194,0.5447258304626237,-1.041193561,-0.998422655,0.6736533602179265,8.103938657606236
0.047534622,0.23327972705604186,-1.034462981,-0.339359771,0.5776123357717127,0.1245301603515031
-2.01516818,-0.996904939,-1.034250792,0.8795210542039568,0.7125048291912474,15.675940883411924
-1.111536763,1.5533571313781491,-1.027564594,-0.071713233,0.4455252830667235,5.178369844
2.293717612357178,-0.830010986,-1.019519849,-0.214653842,1.0212481260989013,-6.134246952
1.0196460214444376,-0.435243635,-1.015456534,0.18591003011503812,0.5631530533564136,-2.638330659
-0.23818502,-0.401594445,-0.999462285,-1.366789701,-0.861715917,4.181014519423264
2.014648873999552,0.5868847453565396,-0.999109513,1.0460151208496924,2.0631854387843407,1.429195704589627
0.4381663472912375,1.1223283216570923,-0.997019796,-0.106793987,1.4514292605909354,3.598286572
1.392366519342026,-0.930313598,-0.993981121,-1.329707822,0.4471752707633837,1.9595357330282437
1.135339228119035,-1.272775637,-0.987620713,0.6594188067356809,-0.243023732,0.1935355587110299
-1.30672466,-0.664313663,-0.979697554,-0.491582948,0.22054023307930784,5.810724097022658
1.8053118602864264,0.31688228929373663,-0.971563858,1.6467640460759403,0.14639727577764203,-10.98764075
0.7511670787772271,-1.412458845,-0.967783852,1.2012087431840335,1.6301519334220076,-1.526832919
-1.165738493,0.8118564706006747,-0.962848779,-1.567960298,-0.151947394,7.492506521984675
0.1693824330586681,0.7405564510962748,-0.953700602,-0.266218506,0.032614547,1.192687368
0.5904938662003054,1.0773765676263816,-0.952084072,-1.136433101,1.829906238047157,2.696839220050747
-1.072964279,0.49515861120031657,-0.952062101,-0.518145552,-1.461403605,4.900333242333028
-0.407369685,-0.988964457,-0.949863859,-1.323745411,0.21633295762047405,5.6722330281155156
-0.683727859,-0.122890226,-0.935769434,-0.26788808,0.530355467,0.2817890298408874
-0.146273275,-0.857496825,-0.934181843,0.542645295,-1.958169086,9.223972607
-0.223574887,-1.07137988,-0.931681562,-1.067702343,0.2112336611600396,5.031115824126794
-1.358796841,-1.037289169,-0.924541212,-1.749405422,1.3259226834884819,22.430979443923164
0.18858291237770644,0.5609180584133466,-0.921659055,0.6473751158514062,1.386825593941044,2.546804519630059
-0.242427498,2.0239958576372934,-0.915662219,0.6464773511089492,-1.199921337,3.762109062016174
0.9639045974419587,-1.424860902,-0.903442726,-1.376883041,-0.41655906,0.093439474
0.6224949307878803,-2.356864908,-0.899787493,-1.060034261,-0.777697619,-0.637182494
-0.484302117,0.910074639,-0.894136968,0.9351915417928018,-1.38718052,3.1236225443418975
-0.683270718,-0.235585652,-0.891257639,0.24967101487352886,-0.663155831,0.1705874385566123
-1.76068856,-1.650721266,-0.890555584,-1.119115399,1.956078903703642,22.50316112180479
-1.8994631,-2.539955403,-0.88996151,0.21807849778616917,-0.317815566,17.382937278554934
-0.120710467,0.002908287,-0.884105546,-1.30189483,-0.463137062,1.6697164963186295
-1.89627793,-0.958212816,-0.88302173,0.47517739276916127,0.2537748075110025,10.988457310441522
1.6316915136307972,0.8608912410184296,-0.880189065,-0.019000522,-0.226760192,-2.755496301
0.5020189727827117,-0.927637357,-0.878379073,-0.158525101,-0.501456146,1.0121474779243906
-1.099891267,-0.172428208,-0.877858418,0.042213747,0.5828152137158222,2.1997244927811006
0.31742715534436644,0.17368027267708264,-0.877246861,-0.0441608,-1.540079071,6.056427082030991
0.029215791266507272,-1.005689321,-0.875239387,0.3208187718092047,-0.563622058,1.5475215065872805
1.4305896993337242,1.7105297519366023,-0.872323168,0.5540151738757471,-0.539198892,-3.992631954
-0.16119832,-0.286384915,-0.87088765,0.5014295898933301,-0.478614074,0.3828053503872835
-0.831535884,-0.967498013,-0.865728498,-0.870449547,-1.038534182,4.688868550436029
-0.573360729,-0.117247677,-0.859371317,1.0300024885667107,-1.648152919,1.389849336390079
0.15028030707346207,-0.535795662,-0.85760032,-0.278681348,-0.622012154,1.7570966313908145
-0.125903051,-0.9603464,-0.843913266,0.6283417156058976,0.5372144878612499,1.4517538676269006
-1.335695452,0.5859527865195064,-0.841569338,-3.15335745,0.6451526531285782,27.684115857307123
0.11133726638297002,-0.019522558,-0.839988915,-2.298205881,1.456527386472777,11.037515719379092
-0.305814295,-1.79883846,-0.839649695,0.3371342423788544,1.7092076972994517,-2.046884873
0.5483880808075596,-0.269218103,-0.839024318,0.10634972308170185,-0.850801749,1.6118795872969631
0.6678795613643351,-0.030296779,-0.83604948,0.10759493816851504,0.4269243288256842,0.8405825080963398
0.369860474,-0.261781696,-0.832713513,-1.55378261,-0.682847844,2.5937782496194863
2.0657833202188343,-1.471156926,-0.830171895,-0.8805776,-0.279097722,-7.84909464
0.086464407,-2.142466729,-0.830168864,0.45161595055524156,1.1041743263032135,-1.676915359
-0.864508669,0.22702246677632332,-0.824001347,-0.430445962,2.2814129292598517,-7.022164692
-0.300615128,-0.959032617,-0.811610011,-0.571979978,0.5784105367328022,3.146961238995151
-1.811753715,-1.137304411,-0.803072666,1.3149407875180261,-0.018257535,8.957122012996047
-1.719394475,0.057120996082092076,-0.799547491,-0.291594596,-0.258982853,6.987942167
-0.367731975,0.691720859,-0.798346748,0.21381772724796477,1.7899759295397104,-2.756205468
-1.533843521,-0.874171152,-0.796323827,0.7431401584889814,-0.259042076,6.418218795881886
0.5675153985187859,-0.703614976,-0.793145315,0.7713352922468742,0.983638642,1.6108565118933371
-0.890946538,0.883382434,-0.78776509,0.5349030528440828,1.8016167145980138,-0.485269486
0.5643828554943137,2.1378280674394823,-0.785533997,-1.75592564,0.7147895974858154,3.584309848262812
0.7513543351902525,0.2178671491411412,-0.780517035,0.070357908,-1.186302846,4.491007238196861
-1.526035188,-0.762084805,-0.777638357,0.7842731671070845,-0.319280859,2.836945309119125
1.6045462360632392,0.5666130747431919,-0.775987789,1.0848886882419482,2.241989460993847,2.5705460116071746
-0.027529386,1.7464350892279725,-0.775070287,0.14164053766580517,-2.516303861,16.754995114232372
0.515413802,-1.114871052,-0.767309826,0.6745707069560037,1.460892380463078,-0.483014013
-0.316239328,0.95399223,-0.763142601,1.156954884598025,0.5405331612446118,1.8310196645313694
-2.301538697,1.744811764,-0.761206901,0.31903909605709857,-0.249370375,11.808071621311415
-0.34497412,-0.264138943,-0.760662166,-1.529597979,0.3727604823882885,3.9789278906695422
-0.189767166,1.2591335295997603,-0.751977434,-0.283052868,-1.292737403,4.361822457332548
-0.942571388,-1.525284979,-0.751173962,1.1531653731998697,-0.092814898,4.305542598433236
-2.137312179,-2.154916172,-0.750371008,-0.728036491,-0.948938824,22.518351168396457
-0.191835552,-0.887628964,-0.747158294,1.6924546010277466,0.050807755,1.4691289522240645
0.28022915571566703,1.0933066330173304,-0.746224275,0.906261413,1.4666247402727144,1.5079338219813252
-0.425419025,0.088036096,-0.741760232,-1.072525302,0.2900413643555045,1.8236676423560148
0.6503232142523461,0.6065484004132948,-0.737289628,0.16466506584920662,0.7781741790995664,0.4957116245788922
-0.127481611,0.6994356666012876,-0.73525046,0.3792160993609311,-1.274661821,-0.101923511
0.42059339168511295,0.892588396,-0.732031885,-2.003941768,-0.12978171,2.629778811658152
-0.776809392,-0.226675359,-0.730212823,-1.559095162,-0.670202969,6.110814922740415
0.3639655446078934,0.6522604763688906,-0.729590437,0.095783201,0.5945119919861978,-0.622897154
-0.082087031,0.6818806812190525,-0.725774328,0.20439972557532218,-0.443206658,0.825440597
-1.132973964,0.6509635122691484,-0.711720358,-0.771000125,-0.599212522,5.246051052450706
-1.173409906,-0.795626613,-0.710052549,0.011436571155416278,1.430932797842637,2.0373355564308877
-0.679383783,-0.950909251,-0.704350332,-0.045866686,-0.218733459,1.907619428077795
-1.229574254,1.108616757989675,-0.702920403,0.7255505180787332,-0.324204219,0.4054063895696065
0.11724318211199877,-0.470273278,-0.702540541,-0.667938516,0.027655053690957953,1.4299715871126795
0.29100454237039114,1.0748997485451033,-0.6978099,-0.578325717,-0.847452538,1.1751584046125538
1.622849085954001,0.013352676347176594,-0.694693595,0.6218035043055724,-0.599804531,-4.761873936
0.4911272873889619,-0.073353424,-0.689214085,-1.808305215,-1.724433667,1.5395781174645657
0.4632172228765913,0.565973205,-0.688159307,0.47534051728142246,1.7507218048489623,-0.114150165
-1.014803691,0.43598619629640983,-0.687487393,-2.698361742,-1.213338126,10.874187551226006
-0.691660752,-0.396753527,-0.6871727,-0.845205641,-0.671246131,2.808910966853401
-1.321513378,0.5999020417751052,-0.678348067,0.5089450728523228,0.5382648193317642,1.976580113
-1.633486959,0.18335976313563973,-0.6688955,0.8222970703188968,0.7000995177303653,5.407851142489346
-1.233120735,-1.182318127,-0.665754518,-1.674195808,0.8250298244389859,19.913928512626534
-0.209804377,0.5161168844666463,-0.659326451,-0.555557115,0.081850209,0.13932358944103546
1.2746684771773753,-0.584610837,-0.65759614,-0.370476854,-1.049053366,1.7256304501125008
-1.022742774,-0.370077077,-0.656873886,-0.106500069,-1.078858938,2.017419783069143
-0.138881365,2.6521396794441103,-0.656247003,0.2795619599472131,-0.607715103,9.079097286111956
0.074320554,-0.199560718,-0.654603169,0.31801429641916884,-0.890271552,1.8129638680274986
2.3476159119567277,2.7061249221306176,-0.651361534,-0.049709423,0.079789509,-10.89506015
-0.804692326,-0.0920211,-0.650555288,0.058193769,0.9140730136301779,-2.298701773
0.21302572639485617,-0.804541585,-0.646582215,1.1381727692810775,0.29543966465863936,0.7048347112708204
0.23229539097798246,-1.803830889,-0.636902735,-1.67274417,0.20885678846620773,4.696018236937943
0.030525287891121366,0.472135916,-0.636735024,1.162588546776034,-1.370853549,0.4688711378932226
-0.518453143,1.0537833064612956,-0.635143187,-0.139311108,0.5641719020928685,2.3942924023979826
0.4333603521044893,-0.229956023,-0.635087419,-0.894370644,-0.070397081,0.069147505
-0.369111916,-0.663444974,-0.628799426,1.883029536322861,0.7849377222952587,4.984027103998784
-0.857214729,-1.150420096,-0.623578259,1.088110528414725,-1.93976381,1.705186572592244
0.5833765328009759,1.3381854337915924,-0.621637492,1.6046587306500009,-0.02147111,-2.189560214
1.004046983777385,0.33755863908346656,-0.619752433,-0.165302838,0.686348481,2.1318396060509923
-0.815547351,-0.729926612,-0.616746425,-0.013304221,0.858011452,1.6020197949324848
0.023271533,0.097893384,-0.613398907,-2.150845077,-0.141027003,3.8934893853440373
-0.110541966,2.2547770806546077,-0.611964328,-0.330991249,1.241963579131409,6.346961451067175
0.8749960573619534,-1.049369132,-0.607351806,0.4181377914967533,-1.541779705,5.9827230964227915
-0.832395348,1.923815425970925,-0.605981321,1.8035889814864974,-0.452524973,-0.169216241
0.7130490503032691,1.3062060651354486,-0.604602969,0.6365834094146309,1.4092533893640082,6.3599884809392195
-0.773220508,0.7505224786839139,-0.603555167,0.7535724655002655,0.026708925235694306,0.474853657
0.6986479775844114,-2.31661731,-0.602070622,-0.25362039,-2.041154179,6.273342041175438
-0.703395059,-0.924509595,-0.600450542,-0.912586767,-0.015000732,2.553239499946205
-0.465058593,-1.304307513,-0.598357458,-0.828955317,-0.45722768,2.5399182523997275
1.0839519781997107,-0.013095411,-0.594676258,-1.251390757,-0.769383624,-1.19276599
1.9915152499658988,1.299629183,-0.592072608,0.049659369936108776,2.478005442783838,9.724773352323078
-0.585843747,2.054474761985308,-0.59156625,-0.379688955,-0.371031518,6.968801579094857
-1.25811592,0.2102915014503142,-0.587898103,0.2056890407178121,-0.298238649,2.4486032396818826
-0.623905153,0.26187547894034024,-0.587029005,0.876199863,0.12325546357279293,1.0436181067097807
-1.142196301,0.6854164476855812,-0.586659796,0.8610462424060725,-1.797116092,-1.450536571
0.739115435,-0.107992634,-0.584282006,0.10316465389426956,-1.216824933,3.0939076011704048
1.4683404716216224,0.6574194137313519,-0.582217264,0.047880107,0.5124678211490998,-0.185678929
-0.893610141,0.5817392889695517,-0.576606887,-0.081702268,-1.996745539,4.042015421580609
1.135901042874081,0.716332288,-0.574505153,0.050210173953214206,-0.373555497,-1.068501543
-0.191029171,-0.78612127,-0.572601817,-1.649750304,2.1345515589126642,3.889229118976925
-2.484895409,-0.475650077,-0.569164556,-1.393556967,-0.874540521,26.45171743
-1.325491266,0.9037094332179562,-0.564163931,0.5072515845393727,-0.116567424,-0.424626612
0.023357027569657567,-0.831173403,-0.563986458,0.5279505543325392,-1.561119891,6.418392968586516
-0.838450291,-1.305832953,-0.562829044,-1.251499404,1.2985716217739778,8.581632007595351
-0.400878192,0.8240056184504077,-0.562305431,1.9548780750090344,-1.331951667,-7.456498523
-0.237698464,-0.17578326,-0.558238541,0.13965556823449055,-0.866345252,-0.6618303
-1.160443194,1.5230967139279845,-0.556267969,-2.600641809,2.7119498738951555,-10.89201113
1.0090902626721503,0.11197268749652817,-0.551680244,-0.316631643,-0.444995003,-1.980037644
1.1459273541343218,2.230274147801679,-0.548760829,0.568904091,1.9288003053541174,12.065981608105778
0.6029790175637042,-1.349175207,-0.546971913,-0.262253874,-0.44662665,-0.296076869
0.6370253187948584,0.37857557679582865,-0.539697653,1.6306297921390362,0.1728160841036588,-1.524712548
0.297857928,-2.498894275,-0.531395541,-1.33740159,0.9252926034964264,1.7819593909052103
0.19684576473421153,-0.47084331,-0.529675369,-0.216175681,1.590556729913435,-1.272910159
1.6243453636632417,-0.611756414,-0.528171752,-1.072968622,0.8654076293246785,1.5498791472862252
1.682478116152467,0.20218717073013628,-0.527961923,-2.071264349,0.5261652683706938,4.198928868829966
-0.03897228,1.0858405321034363,-0.525424768,1.050736703779542,1.222600284224308,2.7286187320900703
0.10280335690232507,-0.176600124,-0.512067582,-0.163950213,-1.410965972,2.6749538676393314
1.2798001716306422,-0.451755942,-0.509668741,0.42377343019450475,-1.114967504,0.8151363787465851
-1.32276242,0.5403055162702174,-0.507257203,1.1283785422364605,-1.223350572,-4.580823228
-2.076802022,0.9475011673456759,-0.503973949,0.017955891650826426,-1.270460776,1.1586529683600224
-1.515567387,0.021373782,-0.502794361,1.982763642566801,0.3941509829664629,6.6271103491588095
-0.621046642,0.006630725,-0.500597469,-0.992777287,-0.98682081,2.4206589165383066
-0.926871939,-0.182420406,-0.491125138,0.1343731160397544,-0.268371304,1.0833208051666132
-1.226069961,-0.038482462,-0.482726862,0.20901228007003622,-1.764408081,1.7817794473316118
-1.426555421,1.7679599483110264,-0.475372875,0.47761018181755727,-1.021885945,4.134250955
-0.430769739,0.944284729,-0.472875559,-1.40706411,-0.447473273,2.001088256840074
1.777733596458139,1.7631582835495723,-0.47145316,0.6214346427417776,0.7102542824744325,-3.448466334
-0.467458752,0.9653177113275626,-0.469674994,-0.033481807,0.1062157232193582,1.8206623116308926
0.011318007124972324,1.6910100183182633,-0.465186347,1.7923229893528498,-0.588646098,-3.676870644
0.19417501629377704,2.5654527807167797,-0.464114906,-0.202693908,0.14565181728648766,7.645019803908231
-1.03503817,-1.438745273,-0.461849505,-1.778318125,-1.300473783,8.359536590122769
0.079721962,-0.996739771,-0.460982373,1.1683381663504107,1.5962034793090145,-0.590020376
-0.787313542,0.24692273113875693,-0.458302038,-1.552705875,-0.341643251,2.665355678113305
-0.106460122,-2.790996407,-0.456117555,-0.979890252,0.6925743475393558,1.034984809533399
0.26396656462973545,0.6390335648295323,-0.451651249,-0.52973059,0.6329174837377594,2.3904680246058025
-0.581675612,0.037592125716858354,-0.449014189,0.73329445,-0.400652358,-0.233995491
0.13178230051752346,-2.032893452,-0.448321656,-1.803943625,0.2696988468097705,5.157585005604605
0.4895166181417871,0.2387958575229506,-0.448111806,-0.610795003,-2.029945069,8.475977487854706
0.5582642185676373,-0.982160958,-0.447308162,-0.828147589,-0.110728414,0.4308077627515221
0.6747115256879723,0.6185391307862932,-0.443171931,1.8105349141254563,-1.305726923,-4.802084359
-0.411639163,1.2785280828417218,-0.44222928,0.3235273536014321,-0.10999149,2.237531555550673
0.695895745,1.576039318301551,-0.441135693,-1.50539717,0.5996866913935567,1.5034712728132835
-1.404900019,1.1251363695691354,-0.441069259,0.22022417749162254,0.4481111019616113,2.7076723022965905
0.8758389276492995,0.6233621765780327,-0.434956683,1.4075400002412286,0.12910157971072544,-3.132411298
1.0790570549507297,-0.686831626,-0.430680627,-0.597968543,-0.91344341,0.025833218001744734
0.3166372357039576,-2.664125939,-0.426428618,0.39378773124931865,-0.228140691,-3.919236645
0.747621534,0.9436337688517474,-0.425561707,0.8057779452411772,0.056853184,-0.87498886
-0.105344713,0.630195671,-0.414846901,0.45194603732122307,-1.579156285,4.690522991096879
0.6501947097725429,-0.452524809,-0.410956847,-0.563935274,2.529127892253223,-4.736536021
0.9336296282088858,-1.763774716,-0.410216819,-0.453667125,-0.589429671,-2.408621858
-0.316080813,-0.611368686,-0.40694634,-0.369148137,0.18065711805247087,1.4990184825428092
1.0810929930210922,1.724391719951887,-0.402467625,-1.476898981,0.6389293194198086,0.5042109260957056
-2.287395299,-1.466861115,-0.402087573,1.4189313225358549,-0.946419301,5.919402537611097
1.2821418300893201,2.0387771395785603,-0.396293292,1.4454453080128968,-2.621011636,-1.467205396
-0.798515317,-1.461119488,-0.388973582,-0.127753022,-0.731458159,0.36527143941981743
-0.803833864,-0.47219553,-0.388249797,0.6225195141702321,-0.774414102,1.5138793630564484
1.0008927870589213,0.1478007327967391,-0.386945506,-1.330637662,-0.803470852,-2.351428114
0.30839726207068635,0.15711632842506082,-0.385302915,-0.040527403,-0.542537367,1.6389619817487278
1.2979546759839111,-0.253514096,-0.382462718,0.9730710617342324,1.0697139399778182,-0.100708292
1.198917879901507,0.18515641748394385,-0.37528495,-0.638730407,0.4234943540641129,-1.685031896
-0.228765829,1.6133613745631155,-0.374804687,-0.749969617,2.054624102518116,-4.713726246
0.33491514376705933,1.7024300469079419,-0.372064681,0.084297391,-0.453104951,1.0399284628364625
1.9642794572557087,0.726679966,-0.371959941,-1.093303909,0.22445073469377033,-5.323123854
-0.802651719,1.2829324548372774,-0.369103306,0.076340638,-0.858448881,2.7205275699082225
-0.280095486,-0.786835913,-0.366937692,-0.558772738,1.8139745947171448,-3.840341895
0.1942418376732747,-1.323830704,-0.366098384,-1.061129852,0.9389271195094814,2.3462497772480466
0.6294111124477235,1.0513406941370895,-0.365470802,2.032605227494809,0.267639248,-5.756912743
0.16641680840967432,-0.558107058,-0.360056082,-0.036220027,-1.48365447,5.461978307041206
0.6778075711198115,-1.106573067,-0.359224096,0.5053819027529176,1.2179409008013473,-2.997804756
-0.39181624,0.684001328,-0.353409983,-1.787912891,0.36184731583956825,1.7649512178620552
-1.322442971,0.6028630022873442,-0.349093697,0.2390447056304451,-0.889330914,1.0596289292565872
0.39407345174029856,0.6497446906254494,-0.348155816,0.6685633960121458,-0.287575627,-1.109960533
0.020955833,-1.535323546,-0.331030869,-1.900401626,1.8595642128627892,11.352617868427908
-1.385539115,-0.288420616,-0.329359966,0.893680487,-0.309072873,0.7001788221531349
0.034065863,0.008359163,-0.326744551,2.827299794,-0.843911488,-9.977152477
0.9559068459089968,1.732050856586902,-0.324548812,0.9478646557112026,-0.603646023,-4.744115127
-0.181705195,2.208661629981109,-0.324331816,0.7939304091428137,0.6073661526176927,8.636293119191054
0.7590642983480842,-2.312601967,-0.323173526,-1.073911778,0.3098663283848979,-4.193951446
1.462107937044974,-2.060140709,-0.322417204,-0.384054355,1.1337694423354374,-2.74143053
-1.500988979,1.0245495081007938,-0.32202653,-0.417242873,0.2832834859572417,4.775592834407876
-0.392982333,0.1887792036589494,-0.321143743,3.2383431967523766,-1.054375036,-16.1823221
-0.476838784,0.4616824361229195,-0.317318725,-0.902049852,0.8141283890415877,1.914279654362724
-1.030724012,0.24257418334824685,-0.317011453,-0.163735461,0.3210728719140342,-0.834500134
0.10405338970908944,0.5280034220718364,-0.314563862,-1.34501002,-1.295257885,1.586263714745967
-1.201155655,-0.299094967,-0.312603014,0.10120308649831945,-1.111818091,0.5319035941415642
-0.212373285,-1.774595988,-0.312229661,-0.710655771,1.1311286004249619,-0.092209915
0.032758303914771046,-0.853881074,-0.307393404,-0.028744106,-0.799035866,0.4923260242712862
0.5011563909976025,-0.475255273,-0.306634381,-0.025916099,-1.954191816,7.001261633731065
0.18919875182509854,1.2239360089168974,-0.300930716,0.25130963208627743,0.9282902149250671,2.0164653665092818
0.036712329,-1.241879939,-0.300653437,-0.346959367,-1.085353445,0.14897939583494668
-0.912800301,0.005986878,-0.300339645,-0.057011892,1.8480322548705557,-5.288623228
-0.761834691,-0.959531823,-0.299153271,0.2854914361618232,2.1087484299986263,-5.465021161
-0.09615823,1.2952510135813289,-0.296615535,1.1682880875622808,-0.716062538,-1.685838651
-1.493274311,-0.032941888,-0.293776946,0.23987149896147664,-0.640937455,-1.318286456
0.8725789897317252,0.3101025961317004,-0.291132171,0.6077152484722893,-0.827683957,0.46613019174724757
-0.226314243,1.3314571125875918,-0.287307863,0.6800698398781045,-0.319801599,0.6352527528740978
-0.391445894,0.012355635981025914,-0.286327565,0.48933416237861505,2.275657785333246,-8.923178367
-0.292578935,0.81560036,-0.282005902,0.049922488,0.2194774937754363,0.6979348434042542
1.075115691837281,1.2316693445367433,-0.275602264,0.33404356906613925,-0.574060361,-2.387087582
1.3012248377291613,-0.312392115,-0.271228715,1.8629130897734716,-0.642873595,-6.813663122
0.2518597032535034,1.604323943116341,-0.266490561,-1.458335939,0.9513818124799459,-0.278441119
-0.691308538,0.25318954811736005,-0.263081253,-1.100346396,-0.824827594,-0.309538977
0.9132588525940285,0.9425131430139393,-0.262467702,-0.622537454,0.18116908947882018,-1.258311424
-0.247016491,-0.12088931,-0.260560591,0.42300320958327586,-0.134248565,0.19322850283295268
-0.369255902,0.2656424025142851,-0.260466059,0.44509671,0.098112246,0.15910456526564332
0.7752061185930604,-0.418123922,-0.256594858,1.1646711622989354,-1.383678602,2.6337744073464933
-0.171441187,0.18693704577199538,-0.254852947,-0.140910752,-0.661891835,-0.975901856
1.6209122856217475,-0.806184817,-0.251674208,0.3827151737243639,-0.288997343,-3.976249254
0.5418751539979993,-1.341885222,-0.251552059,-0.144955121,-0.530612735,-1.19940943
1.5657402311080808,-0.218949168,-0.250793187,-0.404506324,-0.002312061,-2.155325651
-0.480034736,0.5357097643598975,-0.248851822,0.3575317625730401,0.9359749079643224,-0.469603216
0.9921342611335892,-0.915632856,-0.243897278,0.034812067,-1.206709014,-0.348049382
2.1532334692629522,0.988578084,-0.242826421,-0.902831743,0.5815092832414559,-2.704496878
-0.056341094,-1.386059755,-0.237500382,-1.244139811,-0.938603557,-0.574397508
0.698800372,0.6298732687338906,-0.236097392,-1.248388374,-0.104576192,-0.384269932
-0.335054058,0.3806721776381166,-0.232602884,0.8029366671164616,0.1509254169753576,0.21898971890342275
-0.357187526,-0.521376385,-0.230114063,-0.491014433,0.6793011449496629,-0.121751236
0.24542284918911964,1.1525991350106037,-0.224235772,-0.326061306,-0.030911418,0.10297154852399265
-0.202908505,0.15990174327940532,-0.222612409,0.6895928169178559,-0.247797506,1.050601193
0.4153010551433513,0.39195773617732776,-0.222396504,1.435403706350496,0.3347221189142312,-2.037407926
-0.068925019,0.7527614653068494,-0.215651266,-0.498427901,-0.304743606,0.513139771
0.19664529496690467,-0.632590142,-0.209846949,1.8971606873858808,-1.381391153,1.0253103234085352
0.6207175080560531,-2.095866704,-0.206058394,-0.683158044,-1.04550908,-4.428808685
-0.156648484,1.7365566244552055,-0.20218764,0.6960823694816927,-0.56290406,1.5144504783980937
0.7774192052488628,-0.118771172,-0.198998184,1.8664713751521251,-0.418937898,-2.766290887
2.4493686490613973,-0.545774168,-0.198837863,-0.700398505,-0.203394449,-10.11569397
1.0101271773347245,0.9200179332477632,-0.195057341,0.8053934242321815,-0.701344426,-1.943503359
0.97254597,0.5308428066849947,-0.194930557,-2.647680631,0.7174936112027124,4.566636873836032
-0.16244791,-1.302507856,-0.192115413,1.6607387536461835,0.8687124004600701,0.9579368840642526
-0.816561465,-2.194892647,-0.191183589,0.14168904275829403,0.349133952,0.9650950524328403
-0.537223024,0.15626385027008327,-0.190221025,-0.448738033,-0.672448039,-1.01059063
0.1943131872410117,-0.047237579,-0.189228698,-0.242888386,0.7850624781487754,3.450446692344928
-1.619645694,2.0051405255465915,-0.187626349,-0.148941229,1.1653354411392074,5.930715241008926
1.269867927874298,2.260747651957939,-0.182915778,1.1934555280297419,-0.959331678,-12.00947388
0.7947298567354067,0.6801946150547451,-0.181870676,0.19901748690537227,0.20878332218070267,1.466003903768586
0.4527136222363632,1.5535652215621067,-0.176936557,-2.262615326,-0.41971787,-4.204390278
-0.184176326,-0.115985185,-0.175458969,-0.933914656,-0.533020326,1.541067406472498
0.008548945,-0.16819884,-0.174180344,0.46116409997701746,-1.175982671,2.341156272234552
-1.433895728,-1.139190314,-0.167818097,0.5874495514265937,-0.033729521,3.622385460480635
0.7310923517702518,-0.577928139,-0.16370228,1.0088128542691923,1.795775711,-1.656387941
-0.874167721,-0.530931964,-0.160435208,-1.36145404,2.843938569739298,-13.35197215
-0.029935877,-0.708936714,-0.160238116,0.722280124,-1.998763944,6.084250517804542
-0.335480583,-0.61604246,-0.159118033,-0.930668652,-0.183454476,-1.204477228
-0.222219476,0.9083396901692498,-0.15860677,0.6953059952393552,-0.11421826,0.054945416
-0.756837241,0.1957459190548047,-0.158472417,0.7772087951112211,-0.789140807,0.9411387671209641
1.4485434785429667,-1.040540303,-0.157830129,1.4382814923941651,0.7321077792668452,-5.74883782
0.8346459051794204,-2.169178437,-0.157035477,0.6662111447038724,0.7856489122711682,-4.957088279
0.9067663773284979,0.14855654928392611,-0.151185822,1.0116959457668908,0.5392538227271283,-0.438199629
-0.771890478,-0.622656578,-0.150659614,-1.400022887,-1.301066079,1.7860785044390985
0.5135054799885475,0.3724568515114425,-0.148489803,-0.183400197,1.1010002026684818,1.5198841840138995
-0.186252444,-1.753406913,-0.147886969,0.7519208813872225,0.7813188429885819,0.6761598308726168
0.6137185065396278,-0.082252895,-0.144219627,0.7923776858092831,-0.302271836,0.34740037015357683
0.33179363737618367,-1.807529663,-0.136474716,0.5346564493276988,0.10458039099243058,-0.705743615
-0.809270744,-0.127865198,-0.135454325,-1.478833941,-0.492904573,2.3750876526188742
0.08911753,0.10535739192515123,-0.132965782,1.322013784498662,-1.912238286,0.7108323579254501
0.53329199,-3.253034235,-0.130797466,-1.76031591,0.49777780153764084,-5.000517695
0.2260021691308881,-1.102077728,-0.129925873,-2.285774607,1.412296172820491,13.637584771810664
2.0824926183525956,-2.801562217,-0.128697185,-0.653836298,-0.693869008,-20.58682677
0.560013428,-0.01845873,-0.127852345,1.9179855878793701,0.3393595487499939,-2.470799546
0.029235267966432582,-0.444056306,-0.122411942,-1.093950084,-1.121313695,1.0722727040443973
0.35571726157601685,0.8495868450948219,-0.122154015,-0.680851574,-1.067876576,1.9761139536750076
-0.100155233,-0.136444744,-0.119054188,0.017409408,-1.122018729,1.6376371468339455
-0.509536787,0.6487946933187454,-0.118629007,-0.072820923,-1.343429472,2.2246492089609022
0.4907613815015929,0.4936492371435114,-0.11854175,0.8615962373417193,-0.104233925,-1.070178598
1.3814994155847962,2.729462135445094,-0.114157068,0.31801686094946124,1.2501122262187145,6.891272168359191
-0.896879586,-1.070288292,-0.113781564,-1.258349917,-0.633792054,2.7044577403798167
-0.663857393,-1.256025818,-0.110645571,-2.571591472,0.8309952726175953,21.83051913
-0.450283125,-0.348753544,-0.105618716,-0.861734772,0.4731356690084375,0.8164450492759794
0.18986164938309566,0.7980637952989431,-0.101932039,0.7433565435138623,-1.509572684,-0.864917307
1.1476066746067717,-0.514734922,-0.101380781,-0.332210679,-0.963656585,0.272572673
0.4520692199803119,0.6572623123037149,-0.100727609,-1.511881805,0.21376880420642239,0.368172197
0.13507455258005802,0.9686219924223068,-0.094316862,-0.947628052,-0.234292358,0.2444905428162074
0.3118748970392526,-0.550144229,-0.090964736,-1.902716802,0.600032239,4.698652974024527
-0.026964389,2.384405138467877,-0.074497415,-1.618317932,1.8615651022774895,-5.036707157
0.2929311256805711,0.7573281242970629,-0.072892245,0.1273146355720885,-0.070949675,0.4769007747894343
0.8132614607247918,0.4075160066088693,-0.071010864,-1.15237487,-1.41083193,1.0379928184674196
-0.116444148,-2.277297997,-0.069624539,0.35387042688284037,-0.186955017,-3.001167353
-0.516347909,0.35111689651096534,-0.068770463,-1.347764941,1.470739856691369,-0.927076986
1.0157297213507697,-1.528143917,-0.066102506,0.7315649367626301,0.8425386243610501,-1.43924615
-0.016996337,0.097042452,-0.061843039,0.1676541717099911,0.6539073373928164,0.7754163352694509
0.10463232334045328,-0.344289149,-0.060817475,-0.195020877,-1.974247763,6.3333109070055045
-0.790799954,1.2237222119601092,-0.059367903,1.4489894041582356,-0.477580855,-1.209867236
0.043320447,-0.846007555,-0.053588667,0.25981354800771644,0.832332345,-0.391370349
0.8245846250334574,0.6545801525867004,-0.051188448,-0.725597119,-0.867768678,-0.888891828
-0.26070246,-1.895433801,-0.046288011,1.0587721898268374,-0.245661447,-0.807076605
0.18622374551821377,-0.003829943,-0.04520647,0.34284631059528275,-2.164927569,9.596176786864266
-2.017549614,0.919058572,-0.044134342,-0.416811316,0.5221263819267481,8.698240928846758
-1.080710692,0.7254740044815357,-0.039178256,-0.228754171,-0.179612295,1.1649369398521296
0.14676526338688947,0.5718048788649898,-0.036817657,0.11236848879221897,-0.150504326,0.8145010918159599
0.5247504922968238,-0.477124206,-0.035990182,1.0370389817739079,0.672619748,0.3815776859899991
1.117409530901093,-0.821369903,-0.035255508,0.1239063320735321,0.8579835303800046,-1.175686741
0.007627448,-1.156085933,-0.034551152,-0.206823104,-1.109385823,-1.185291112
0.19305896724058805,0.2780797869884701,-0.032490542,-0.626634971,0.9941977441718922,-1.171962144
-0.592461285,-2.304907938,-0.031817173,0.11248774241419583,0.28807816700515054,-0.139815458
-1.108418425,0.2549547474784071,-0.029204598,-0.593111209,-0.323822281,0.8844420090044341
0.2608272771892708,0.2594877065664214,-0.027234811,-1.045138975,-0.349781662,0.027874829
-0.880045472,-0.653662441,-0.022012804,0.33829981482159155,-0.288755064,-1.197388142
-0.58668044,0.375235451,-0.021946764,-0.406070901,-0.688407543,0.3860211731684633
-1.730939977,0.1855820903932529,-0.019719885,-1.621492006,-1.729204348,5.191610078257264
0.3196569419445935,0.31815419967868935,-0.019231634,0.15001627872780374,0.4635343217316655,0.8537549749450799
0.32132583346258753,0.5144115605663222,-0.017250865,0.36334791857426507,-0.979720191,0.9996943412108528
-0.775470435,1.8975108071393503,-0.011734214,-0.710500675,1.3798799010709466,-1.672128805
-1.289130039,0.10978294611235115,-0.010526175,-0.388240907,0.4892191937564925,2.990936679
-1.314201033,-0.241801865,-0.009201544,0.6666106854061105,0.10039172239954759,2.244228524668882
-0.762087113,1.0531661578448999,-0.009185052,0.4757603795363336,0.3739433727999427,1.4088708060782997
1.0775199822005939,-0.028045419,-0.003092238,-1.097872709,-1.00011572,-3.707409428
-0.498213564,-0.310984978,-0.001891483,-1.396620425,-0.861316361,1.671793529107421
-0.728537489,0.5311637934562251,0.004000842,0.3212659144838316,-0.725214926,-0.543273472
-0.757451033,-0.362645919,0.004767832,0.5542525399087611,0.1465320727650737,1.0428516231619298
-0.401788834,-0.199939393,0.007388984,0.2756640751500719,-1.763249801,2.3151221358730223
0.4104353188660567,-1.124970241,0.010014745186442742,0.3015891019370337,0.23438009915997238,0.3728169189651699
-0.696127846,0.1583190237700614,0.012704772065567672,-2.415887742,-0.091100989,3.684678507653495
0.23064050266276548,-0.854580912,0.021499684091738636,-2.71039374,-1.066800887,-1.687885513
0.4726903170601264,0.6044470805127579,0.026131979530616148,0.5292113042641395,0.1653818999636567,-0.455052657
0.2829955338110016,0.10803081731234535,0.029417619,-0.134793129,1.0492182907525678,-0.040512817
0.545227591,1.4918973608952575,0.030011526171675736,0.21643426434926666,-0.823443904,1.3407668465807931
-0.401758808,0.3631182060112009,0.031151556574783006,-1.379568954,0.080526382,-2.451645976
0.54805929,-0.085296737,0.03145234,0.018998935,-0.499648746,1.530857018
-0.662847845,0.41396653548981466,0.031924826,-1.593659321,1.143814459111125,0.012991868470244916
0.688356472,-0.723002502,0.032248319,0.33636816,-2.009346786,9.700153742693711
0.27078568300496475,0.7666687114407413,0.033348412,1.760572319832121,-2.033585713,-3.437737531
0.3745336570778013,-0.746817241,0.033537867,1.2202224782766833,-0.184599833,0.26706454665693025
-0.131956788,-0.040288605,0.033678116,1.4068678617048882,1.0553358404697928,-0.640803531
1.5214340450144985,0.8712482808892801,0.033928798,0.26491995671020135,-0.23531237,-8.026849117
-0.266326884,1.0689716222012626,0.040371431022839264,-0.156993672,-1.335202723,2.794830311985776
0.077340068,-0.343853676,0.043596857,-0.620000844,0.6980320340722189,0.35795302189453065
0.8041228510204734,-0.74564405,0.048050707,-0.698570662,-2.329041122,9.793461309989283
-1.940680964,-0.806178212,0.049061692,-0.596086335,0.8616231013412039,11.66436873049557
0.60063444,1.534579699,0.05044703,0.004431519,1.4060482383556254,0.042394545
-0.214057526,-0.418429386,0.055024732,-1.440748756,1.1838701384179664,2.3193382515233374
1.3776666162314943,0.6362839300179232,0.055297353,0.40581711691311234,1.2484572829871987,0.8746024815967195
0.5469982296454587,-0.096187693,0.058742431,0.6510145056416429,0.5218448364473295,-0.45187463
-0.744472805,1.583547291673275,0.059722175,-0.052223988,-0.251365146,2.9275303615565305
-0.21892143,-0.376085779,0.064655693,0.5544575388744446,0.5327589038428345,-0.311188159
-0.084294267,-0.65034433,0.074518243,0.7960178154738345,1.1037480234615573,0.788786723
-1.307971344,1.4723963067285686,0.074876098,-1.786935404,0.16521058652925405,5.088720120690028
0.15237420731890447,0.4965050383582789,0.07597729,1.5373798077309975,1.575783445862164,0.8591843718844112
0.7298136115173981,-0.88718755,0.077327247,0.073416326,0.4160261634757396,-0.747482482
0.47730239639188415,-0.240069567,0.080560371,0.9174197664022404,-0.372131916,-1.673645011
0.557532641,-0.44265541,0.081083206,3.432663431795559,-0.747526269,-15.73802518
1.1825557977622998,-0.429521081,0.082418705,-2.13951276,1.2468678742035642,8.698943027383987
0.28847588826539894,0.3886640869423182,0.083389669,-0.575568883,1.5772914018653585,-0.171399894
2.3016345027808534,-0.233441049,0.088119704,-0.628069013,-0.258695436,-8.689682492
-0.162497201,-0.486471352,0.088282311,-0.491598627,-0.454927843,1.2309525026405903
-0.510217963,0.8333511553079093,0.088922127,0.25338861319334927,0.34329240608998923,0.8064523476748158
0.1892931975586576,-0.563788735,0.089686407,-0.601156801,0.5560735100773853,1.5223131103055223
-0.033376483,0.4530178895864513,0.092786334,0.5982849965858908,0.6763896859457523,1.0939622160100322
-1.860530737,-1.292276621,0.094173158,-1.049360322,0.7602517470234037,15.601379550272796
0.30981675860748836,1.0513207678487513,0.09499611,0.080750989,-0.767803746,0.027159521
-0.781911683,-0.437508983,0.095425087,0.9214500686595114,0.060750195799506745,2.1587998972475253
0.7336715364161176,-0.946280829,0.098171917,-1.525060601,-2.34513104,0.6181790105255895
0.5226551740981221,-0.35541349,0.098942246,1.1277513449502294,0.050293239,-0.759937382
-1.879200035,0.5754588455781794,0.10206241436283685,1.1843037165523946,-0.794843047,-1.096259283
3.9586027040379634,0.6486436440906672,0.10734329382358966,-1.398812819,0.081767819,-47.5157278
-0.518150794,-1.544308763,0.10980726946183933,-1.195190688,-0.28911226,0.6309227876488963
-0.241663785,1.475183478308824,0.11138164353145052,-0.004276255,0.6983462926143922,1.3260443790039294
1.919382278821158,0.49688370613259203,0.11860609780367659,-1.103973996,-0.497031286,-8.226198192
0.087578141,-0.024446022,0.12122994861277224,-0.716319085,-0.037406778,-0.62799845
1.4428769284963092,-0.539681562,0.12837699015594436,1.7604151835753223,0.9665392502290573,-7.461624685
-1.136913822,2.0884818045490885,0.13164681724022329,1.1037148180302014,-2.676841376,-0.65927287
-0.569148654,-1.061796761,0.13224777891978462,-0.563236604,2.3901459623335115,-11.03228859
-0.791533765,1.9922047356774588,0.14088730311117162,0.7924407685637149,-1.267107301,2.0863890159982246
0.9237559690639651,-2.45389193,0.14498732700110628,2.0181218523403635,-0.621207339,-5.314011546
-1.209678516,0.986077968,0.1471012237360392,-0.9741369,1.413983661680623,-2.51981219
-0.355241513,0.096114142,0.15205234093342904,1.1552617554181506,0.34605774628467395,-0.266616784
0.607946586,-0.354108884,0.15258149012149536,0.5012748490408392,-0.786402771,0.18742119585630243
-0.845090556,-1.37042989,0.15550037233765918,0.14450989700298408,-0.575960961,-0.538723394
1.0661425598962024,-0.689218968,0.15707628303989915,-1.427322984,0.093412678,-1.005469243
-1.444113805,-0.504465863,0.16003706944783047,0.8761689211162249,0.31563494724160523,4.2667461628076335
-0.017550269,-0.800560637,0.16103853300219004,-1.036029268,-0.340441324,-0.657025774
0.6848194568419582,1.1774543938903057,0.1650850837802196,0.23311263636668741,-1.80272205,3.1443426915906434
1.693809113288081,0.19686977925029145,0.1698692553475717,-1.164007971,0.6933662256603845,0.6422161004409773
0.5803301126032293,-0.973267585,0.1751677292180687,-0.053483693,-0.183061987,0.032535724571663205
-0.793716302,0.017208197,0.1754154859335605,-0.622033284,1.0791292262262036,0.3260794512694475
0.21112475500771674,0.016527567,0.17718772027596041,-1.116470018,0.080927101,-0.102515892
-0.438054507,0.17405446616172857,0.17794555796161068,-0.261201919,0.8632633989374148,-1.351426262
-0.301462603,-0.555928019,0.17986119742439155,1.030307954939653,0.4436131421768562,0.08344431
-0.53903258,0.6440999879429353,0.1836335742581206,-0.086426874,-0.213987782,1.7532703373907275
0.9154992680625726,-0.438200267,0.1855356209665554,0.3944280300121126,0.7255225582535588,-0.939802963
0.8575475535903946,0.1378848679098275,0.18607451711335346,-0.188116833,-0.002747396,-0.125077901
-0.222328143,-0.200758069,0.1865613909882843,0.4100516472082563,0.19829972012676975,-0.450341571
2.7873614479506617,0.4061325970975666,0.18724806379610037,-1.33002957,0.26054347364602076,-12.99118391
0.18747991080140422,-0.148836408,0.1884255768595687,1.0956875185012398,-0.214029533,-0.396385845
-0.185892178,0.5494218269801783,0.18855331528016264,0.046831358,-0.417497823,0.9149717733015894
-1.116832257,1.521865766667497,0.2024473569139789,-2.791444038,2.005561575887981,-5.886123514
-0.797063899,-0.517580526,0.21143496899161857,-2.178225097,-0.319922587,5.074617423040956
-0.286284922,-0.446445391,0.21233876041488856,-0.39741126,0.7063352183116972,-0.455307341
-0.17470316,0.9863351878212421,0.2135339013354418,2.1906997289697334,-1.896360923,-12.5123149
1.0548684521714893,0.5942715493361382,0.21585967236060627,-1.255600538,1.0466613849577997,2.388274647608555
0.000803018,2.2428746564006277,0.21872734260702167,-1.14232329,0.29772265144773885,1.0434719227982332
1.117245919,-0.211088642,0.2242592611804712,-1.518793656,-0.736123789,-2.443083714
-0.142590292,0.2659301443682517,0.2251894342996509,0.5356705893698189,0.3879211149003179,0.8852120584891108
-1.140488001,0.5010162827181343,0.22576720312588494,-1.089087146,1.280058096502952,-2.526509338
-0.713199076,0.13940966791613416,0.2299942330412174,-0.382562425,0.13493503620204073,1.4596418729846303
-0.012664599,-1.117310349,0.23441569781709215,1.6598021771098705,0.7420441605773356,2.052851597888989
-0.751030947,-0.358967294,0.23477128105090736,1.476813608626184,-0.716644026,-1.906887692
0.9458863748241041,-0.891909655,0.23598998103219776,1.0828130715711142,-0.373476455,-2.803551519
-1.881410867,0.4972690986459772,0.23733269933959658,-2.144444047,-0.369562425,15.210982022946865
-0.617362064,0.5627610966190263,0.24073709223773224,0.28066507712263905,-0.073112704,2.0117756346242066
-0.732807437,-0.512482626,0.24241075242619894,0.31396174295537116,-1.111372932,-1.685383927
-1.235249996,-0.984928506,0.2474538689467184,0.5367648452373013,1.2765497755140973,1.3645283726554358
0.986495257,0.15888345542755178,0.2474868814966978,1.9295537126694835,-0.251281048,-9.184574768
-0.517094458,-0.997026828,0.2487991613877705,-0.296641152,0.4952113239779604,-0.502581831
-0.725203846,-0.138074656,0.2500426887487006,0.3531156570701145,-0.500976874,-0.629355783
-1.363276557,-0.635846699,0.25147344447120185,-0.32114798,0.033063906,4.155483109970463
-0.767909069,1.2633590541853597,0.2584678803794677,1.580017596074477,0.006783987,-1.318463534
0.784904647,1.6332762095790374,0.2587424943122645,-0.623279994,-0.520361027,-1.156876158
1.567895297610643,0.4293211845674344,0.2610413364313395,0.7798494040864161,1.6677782326588921,-3.223955806
1.2020548621997058,0.28474811084905793,0.2624674454632686,0.27649930482218366,-0.733271604,-4.191811809
0.9156188854932334,-0.019316007,0.2693974528048613,0.799240871,1.3315325235789282,-0.620748181
-1.995384765,-0.520461887,0.27264083972056463,-0.841445099,0.30068872840093075,12.456195125926547
-0.161504115,-1.850499133,0.27497256944050336,0.7284646065701588,-0.530060954,-2.289795419
-0.896130436,-0.163183576,0.2752488701157913,-1.155791651,1.1123486525866415,0.9384742238075925
-1.46682315,0.090380246,0.2753082795462006,0.34035496225335726,-0.464694469,2.4397996103873583
0.47450741949668446,0.9590749747433253,0.2822337239094006,0.7595539303391956,0.15472490361747954,-0.311593541
-0.135977326,-0.797269785,0.28267571224842025,-0.826097432,0.6210827008390084,0.755191438
0.48691035347378325,-0.764339626,0.2863311024692068,-0.557833954,-1.448752274,-0.377876852
0.8941734924302684,1.3268656283820295,0.28659306488777814,-0.217614103,-0.973133515,-2.252411145
-0.450770841,0.08236314,0.2881717622219725,0.7861824742316978,0.11289115336047649,1.9974214867356253
0.6271770353915255,0.1628082503067918,0.2886167156768053,0.058307383,1.6319358486550282,-2.333243155
0.097829831,1.1053352851540197,0.2921736528161169,0.48125579224153536,1.7981625491134277,-4.025031652
-0.05219987,0.4608289844097452,0.29702659916951785,2.252553060760863,-1.010409949,-9.216193758
-0.521316431,1.594137379633442,0.2977990384609698,-1.819448842,0.2533139057227929,-1.129850517
0.7009821215232441,-0.19893745,0.3019600454061449,-0.394689681,-1.171813379,0.919763703
-0.27488923,-1.501111456,0.30339455420468947,-1.078249827,-0.438778066,-1.502295748
-1.609337368,0.5368901631091649,0.30594078416588816,0.9844940171717375,0.8059221474364318,4.404156423685134
-0.684739706,0.042316779241044995,0.30748920265025553,-0.089958433,-0.963754394,-1.049588281
-0.140370995,0.1416416728308121,0.3119686126955311,0.7690851809940938,0.5842857679634836,1.155324149718897
-0.358588798,0.6030359101266989,0.3144319337524709,0.33311455047149896,-2.032539789,2.5298477991155472
-0.919773971,1.6944600197979376,0.31626928139039256,-0.618441222,-0.484277521,2.3841773513387468
-1.79929913,-0.965955208,0.31869254278046505,-0.438263949,-0.020753262,6.946318332778629
-0.397125683,0.8860899202069914,0.3189718257204604,0.2648676257857707,1.040038455,-1.739877064
-1.242300512,0.5172723109699303,0.3207619806555976,1.9186195264011077,0.742341574,2.485941718860444
-0.097039308,-1.575814854,0.32101708197353773,0.39062079927072996,-0.086061568,-2.959279929
0.2468532710856716,0.3413890470753744,0.3248685522382847,-0.575952196,-0.824904519,0.8146210941326714
0.4286587396338861,-2.308038514,0.3270684075693673,-0.379119611,1.7979193663881117,-7.716790669
-0.801947083,0.9986705888993866,0.3316940642614485,-0.849966868,-0.014990429,-1.424610192
-0.731333214,-0.007587085,0.332887256,1.0534759531187834,-1.250678063,-0.882744827
1.2361640304528203,1.6276507531489064,0.3380116965744758,-1.199268032,0.8633453175440216,-0.815324783
0.6720285679819714,0.8963216468688703,0.34172522132346783,-1.581368005,1.6102040229900612,-0.146667767
-1.540175131,-0.944260641,0.3424261543919115,0.6814389203007137,-0.12499175,1.4670056133064608
0.8886901397851973,-0.376589028,0.34432079234665414,0.18060516994979212,-1.334803293,1.3235843663429085
0.053409537,-0.479157099,0.3501671588282789,0.017164726374088564,-0.429142278,-0.082947788
2.428876969522979,1.0056866803112163,0.3535672160026291,0.6147262758274484,-0.348984191,-26.49757098
0.6889697847388422,-0.64422632,0.3540425043243763,0.2808102953320909,-0.788148419,0.4922087060243277
0.3427734110208479,0.12197818894064819,0.3551726778037381,0.5253602080090382,-0.481776374,-0.85243105
-1.594896287,0.6436617033372383,0.36087786653314563,0.8913238138317595,0.1124373558201434,2.382045086925096
1.1590106388629562,-1.155800271,0.36357788599044405,-0.866202681,-0.500710366,-4.881941595
0.1621098641586974,0.7105664358146169,0.36700422151855655,1.6667300907795102,-1.363265013,-7.312126853
-1.306534073,0.07638048,0.3672318138838647,1.2328991923762371,-0.422856961,-1.883078618
0.13288011394483978,0.061526905,0.36731677004156366,-1.547633227,0.001386301,0.5700394840898122
-0.204384814,2.1481782434352508,0.36821948903367896,1.1903232334406804,0.4379181321807927,0.47624441903458026
-0.459942831,0.6443536660303223,0.37167029121186534,1.853009485069379,0.14225137252631778,-2.941048505
0.11900864580745882,-0.670662286,0.3775637863209194,0.12182127099143693,1.1294839079119197,-1.479069898
0.6796757272452446,0.098407443,0.37836445351332504,-0.142995323,0.3038025049216314,0.6727470398025871
0.16056499174251157,-0.120149976,0.38560229234432525,0.7182907357543429,1.2911889028508758,-1.177954635
-0.752714969,1.360376795154866,0.38637490705657274,0.3885154813089855,0.030521965823339384,0.090334135
-0.423478297,1.0079664776005783,0.3923349111243075,0.44838065078168743,1.1253234986642537,-3.071240636
-1.517241734,0.2526313527431876,0.3978660166011614,-0.303545272,-2.05564329,0.1483861750162581
-0.144793114,-0.172224989,0.39807178788075337,-0.795438935,0.48366473336493476,-0.88621474
-0.447128565,1.2245077048054989,0.403491642,0.593578523,-1.094911846,-0.900351035
0.6252181869673088,0.7582594321492002,0.4037240770776158,-0.975388545,0.5260950996672287,0.7904090919409205
-1.053226974,-0.000613005,0.40675972575016384,1.162457386956998,-0.464294102,-0.768555523
-1.895266947,0.089729117,0.41026574539684446,0.8598709717969121,-0.898683193,-2.354122018
-0.607886365,0.2387072126160952,0.4148931584416241,-2.095657847,-2.105616393,-2.075131152
-1.07700858,1.9463490436223971,0.4191606128594663,0.8052949911264979,-0.614907672,2.6253293042498527
-1.627438341,0.60231928,0.42028220364705954,0.8109516728035557,1.0444420947072588,2.082193503784885
0.4825979515241575,-1.105432353,0.4207551998530761,1.616794227523432,-0.883771319,-0.442204077
-0.500701575,-1.149722788,0.42562257961103717,-0.626607445,0.7721196774406992,-0.297793391
-2.086390565,0.3618016405710469,0.425920177,0.049080397141630476,1.1022367325853422,7.670620020667463
0.8912128236132041,-0.720947452,0.42712280538473174,-0.119809037,-0.922226595,0.5458943847944089
-0.310434792,0.63588305,0.4273897562191014,-1.812920689,0.5203871720401353,0.731381446
-0.021059386,-0.032337912,0.4307776327618067,-0.030801312,1.578913904941558,-3.842182957
-0.190548298,0.23333912626012182,0.43499832426284113,0.9104236030030839,-0.948439656,-1.021362757
-0.248305833,1.4025015262856404,0.43824139301753284,-0.421096885,1.0105737112975397,-1.162735622
-1.425156172,0.7153334491047734,0.43912737321880185,-1.102969549,0.7594935929950941,4.632177273526519
0.788022576,-1.03111252,0.4417335115283253,0.35026681942843396,0.18474760299051987,-2.181803762
1.0814859205102036,1.000785925774463,0.4495976919139571,1.1228697457953762,-0.441301644,-10.01758829
-0.006196253,-0.159635149,0.4503910264097773,-0.120499051,0.38556524841311735,-0.093005536
0.6810428730608272,1.4284017122301567,0.4523405010209104,-0.665440957,-1.378447673,-1.338767531
-0.076679363,0.5729627259567562,0.45794707630974174,-0.017817549,-0.600138799,-0.165315871
-0.62125177,1.0506146488672723,0.45978170021018383,-0.206330912,0.021171829,0.574312642
-0.296551703,-1.879916241,0.4647199724627565,1.6946183361186418,1.575886345870378,-1.101357274
-0.457662668,-0.306036497,0.4657575557576121,-0.097975651,2.3782396207685506,-14.31536694
-0.001432039,0.11328853486339534,0.4681007251301601,2.847782117518827,-1.440208692,-16.20440505
-0.216812695,0.6883907839548329,0.47135596722037615,0.2072952064267792,0.44545304713352135,-0.340318789
-1.043399607,0.5189693714083458,0.4715342680872849,1.320417913,0.9566894896320624,2.5913128971944777
-1.957390589,-0.679315138,0.47769800408254126,0.4001536726514084,2.717386243135274,-14.05566942
-2.181027967,0.6022651275385377,0.48084611326516874,0.10931836390543528,-1.544395781,0.7142230887559246
0.41959523754955963,-0.091078735,0.4821757484334599,-1.879286991,-1.098083145,-1.782471748
0.5906509165290914,-0.746269329,0.48451629120369344,-0.891281332,-0.07505896,-0.12849383
1.2746435644007366,-0.251977911,0.48877001984166485,0.39065011135717037,0.7935333540463353,-1.399345825
0.065416595,-0.227331349,0.48905104637659635,-0.867503179,-0.465040611,-0.681831456
-0.977773002,0.17195713216759081,0.4905610438096389,-1.395283025,-0.522356465,1.5831233270789011
-0.186578994,-0.056824481,0.4923365559366488,-0.680678141,-0.084508027,0.9477330920482497
-1.845996552,0.8964069423491676,0.49513757821686233,-0.696338517,-0.106793636,4.923116531994541
0.12060709136288893,-0.174414611,0.4994418641388077,1.3888424999782294,0.8505419991095444,0.14037043950418093
0.29613811054086797,-0.707438941,0.5006523376944596,-0.6296018,-0.820655788,-0.141242134
-1.272558755,0.31354772046343216,0.5031848134353261,1.2932258825322618,-0.110447026,-1.286405599
0.12125495370357839,-1.537028867,0.5039062191897026,1.3197259119719253,0.9139508148791163,1.194878516459949
-0.923077957,-0.130195208,0.5050537522920976,-0.267004179,-1.223879651,-0.224537561
2.1138237591194438,0.3245535159290734,0.5053634415125542,0.514864838,-0.879729802,-14.19296181
-0.153236162,-2.432508513,0.5079843366153792,-0.324032329,-1.511076608,-10.15200819
0.5017251093451655,-0.593343754,0.5103075967452559,-0.915791849,-0.407252043,0.37374926586161017
-0.595667881,-0.309121319,0.5109377744920892,1.7106618386711354,0.034943589,0.8589282914523733
0.34908368421465397,0.4040681051477186,0.5124341468056791,1.1203617995751336,0.8604544477785941,-1.993148949
-0.754397941,1.2528681552332879,0.5129298204180088,-0.298092835,0.48851814653749703,-0.857937981
-1.750757585,0.6872662051836544,0.5158867189559166,-0.760604757,-0.56677565,5.381528280314906
-1.247734121,1.4622679827754739,0.5165524660423712,-0.257394997,0.14936995811488732,4.761904642625515
0.17765416343591353,-0.876250842,0.5300696850569229,-0.638600674,1.550481975687363,-1.635203181
0.041788411,1.0992416316187767,0.5346230548735582,-1.010088558,0.067229882,0.095335661
0.00105477,-1.089535005,0.5391382220705605,1.8121770915950168,-0.517489822,-2.207302393
-1.023362201,0.010712426627731694,0.5441240835875532,0.07869205,-1.19336869,0.23467691926429846
-0.83144508,-1.31909123,0.5489951251882254,-1.906232846,-0.461512971,1.6925459211708649
0.584932733,0.5687547960188786,0.549022708,-0.302431461,1.207317030500208,-2.959334949
-1.24139426,-0.14461932,0.5551699735190978,-0.1366381,-1.363868025,1.4131649181622596
-0.758067329,-0.808847196,0.5574394528580334,0.18103874435787085,1.1071754509490623,-1.58546463
1.1139527418808068,-0.877851543,0.5625417835249032,1.6787603994940319,-1.215225418,-3.376177777
0.00858861,-1.058646983,0.5651747090967717,0.9979772377572043,1.176571002639777,-0.849094485
1.3879738095489653,0.22619975684315669,0.5691245958247787,0.19731599174779044,-0.186441271,-3.263291633
-1.401496188,1.5976369628457134,0.5736533442539641,0.6306416725254931,1.1581868527405184,0.5887093746370246
-0.922777637,-0.22532132,0.5743576457052744,-0.013643592,0.41423386586811217,1.750067322
-2.418973425,-0.716819976,0.5750424423553702,0.48073615064250574,0.37011284177697323,12.853829760788987
-1.010138645,-0.489084376,0.5787046731973293,-1.46831866,0.9906312571309701,5.0955136633041125
-1.083960137,-2.160269413,0.5790872157500357,0.8445184395768823,-0.536705418,-3.788493492
-0.0342108,-0.281499321,0.5801776447125971,-0.863526597,0.32681306197752724,-0.442061235
-0.440361931,-0.163125006,0.5811849443107208,-0.614640925,0.1203424280078301,-0.425658579
-0.922819187,-1.200508304,0.5825205566485963,2.0434699799311615,0.34307481861482325,1.7408325097588184
-1.044589382,2.0511734428574444,0.5856620001723825,0.4295261400219645,-0.606998398,4.086248275108006
2.089740917,0.4773366596902064,0.5931235663760103,-1.036188566,-0.55087565,-10.65947412
0.3205355904645049,0.5419481758270553,0.5979456406747675,-0.584668388,0.5929929103457839,0.6317778997409931
1.4958847658844756,0.6754538092042119,0.5992132354592584,-1.470237089,0.6064039443038369,-1.428393288
0.12283712491760163,-1.68267113,0.6066016437224632,0.38172253316767785,-1.072665105,-2.444334649
0.7806782102111163,-0.656597122,0.6070647608456262,0.557284119,0.9976115078010902,-2.975256615
-0.169751569,-1.805318844,0.608022032,0.21820355247433534,2.1754704258404143,-12.4436354
-1.217846051,0.057692093,0.608355377,-0.351691876,0.36866569299588453,1.3824736543062222
-0.871422066,-0.864829941,0.6087490823417022,0.5616380965234054,1.514750382482251,-6.135540158
-0.446699203,0.20437739492116297,0.612232523,0.7448845364406519,-0.036281289,-1.861391848
1.3362367180035077,1.6581722542565447,0.6126584867054992,-1.162621434,0.12025014650600971,-4.519560695
1.0852513203699437,-0.810140031,0.6146625861253558,1.4074105946578879,-0.086013513,-3.294457269
-0.81433931,-0.692897131,0.615313586,0.06980096,0.7141954769659464,-0.678507162
0.13770120999738608,0.077821128,0.6183802619985245,0.23249455917873788,0.6825514068644851,-0.995082401
-1.298183226,-0.421712342,0.6229811261324522,0.9517732137235306,-0.069842648,0.8518256541825646
0.20722994601150022,-1.434030729,0.6269063059702962,0.29982520177529054,-1.856641422,0.9307950718502591
-1.391693876,0.4502177420378455,0.6274370827531105,0.7513372351604846,0.14039543644735017,3.0645644548540734
0.053782404427079926,-0.459581833,0.6335088707785933,-1.692302549,-0.425070976,-0.832612407
-0.998908523,-0.656690595,0.6364907181852751,2.2583775509779414,-0.902690685,-4.639849134
-1.419148777,-0.316901197,0.6409858663835063,1.2198743790306215,-1.133792035,-1.839651583
0.993568188,-0.042864211,0.6422142755349742,1.8470306020111413,-0.370998975,-9.033853353
-0.69432398,-0.6508432,0.647849799,0.3000882219416871,2.0884769840634494,-10.46225925
2.424977475,0.7522698590240822,0.6560151814185348,-1.043610193,2.377348875883683,2.871589898260062
0.24266944108179458,0.20183017887400403,0.6610202875986929,1.792158208975567,-0.120464572,-6.133254032
-0.008982719,0.9590939848924296,0.6625676522887309,-0.294168007,-2.096333399,6.168076436
0.31062382021547047,-0.125447194,0.6662437992860968,-0.788330269,1.6059935215654781,-2.176739758
0.8323518154376313,1.5870825219388973,0.6663810561258107,-0.725980055,0.9794249859599479,-3.894293715
-1.141308322,-0.315603209,0.6695926959117037,0.35313325447531546,-0.084322533,-1.134211137
-0.532234021,1.1181333967176956,0.6743961048208689,-0.722391905,1.0989963327471792,-4.971742492
1.2367346117318658,1.116299142704651,0.6752404031223235,0.022451964222439696,-0.87103747,-6.220659952
0.8328187435217099,0.6167805635806435,0.6762815106358739,0.9120868581510255,-0.858823151,-3.953185551
-0.429385973,-0.474589867,0.6809789273140514,1.7626089014166477,-0.357514214,-1.611631443
0.096739355,1.0695010010337898,0.68140191,0.7340118099189075,1.0530423760226737,-2.267856843
-2.151043155,0.13630100537027234,0.6833562545792692,0.6085800501276962,-1.360979774,-2.100639649
-0.08157002,1.5292478634014344,0.6864826401316457,1.7170887330563231,-0.804276993,-8.010866002
0.624767834,0.49360323473608286,0.6920930406534596,0.2450004519987975,1.050352354746648,-2.878724448
-1.216271023,-0.448323107,0.6926889116345142,1.4259420274975507,1.4583383367524927,-0.183488368
0.9311947106654654,1.1945064126916285,0.6966415247324457,-0.42368177,1.921738168,-5.250987431
-1.041752805,0.9322531272553473,0.6995888948805858,1.0307543310626488,-0.347936668,-0.68512912
-0.501382019,-1.753413468,0.7001289123882347,-0.270035785,-0.579190101,-4.366624981
-1.164056565,-0.106028874,0.7011329271775453,0.5764018908678432,1.7146550932733267,-5.108437437
0.9843517231553524,1.0655906205615697,0.7016544321704049,0.32010118288700634,0.28887840607895415,-3.59484212
-0.414646956,0.40439780568335965,0.7034277723282806,0.888822337,-0.870869818,-1.911705937
-0.890918169,2.2663333207675027,0.7092052007194236,-1.212114981,-0.3987533,0.7263141429343174
-0.698127656,0.8335066258955489,0.7116116776231245,-1.517151263,2.8190870945559148,-27.19462846
-0.97740071,0.10418997587261888,0.7128772994560211,-0.718420957,0.074477095,1.2870235858254038
1.0735028397958526,-0.669049478,0.7153536572056978,0.7076616684174655,-2.54871672,11.227584791643825
0.20835292145425172,-0.728350085,0.7182163825618534,-0.746173711,1.8723032622753264,-4.205233992
0.5208121988777386,0.058371883962996744,0.720685935,-1.545447637,1.6389616031539602,2.402142905403535
-0.90163449,-0.822467189,0.7217112921126926,-0.625342001,-0.593843067,-0.025656507
-0.563472911,0.41836191663359856,0.7294430737809866,1.912068746537096,-0.130341932,-3.180080966
-1.098148633,1.308932334281501,0.7330725605424461,0.6521796358150284,-0.23148483,1.2583474747226666
1.6583993398079262,-1.181062898,0.7380536853593032,1.3305061151948567,-0.010089768,-9.331249201
0.3209710832687655,2.167937070050156,0.7479633293378322,0.2738270906665688,-0.170083563,-2.349844877
-0.786384389,0.43006251442822646,0.748611211,-1.035397312,0.14139701410560912,-0.851640173
0.8360047194342688,1.5433591108044837,0.7588056600979309,0.8849088144648833,-0.877281519,-8.838322746
0.750374811,-0.082595239,0.767293626,-1.480654619,-1.036655868,-4.521709532
0.8602361395842132,0.6981684344918623,0.7682132447208907,1.7517958835387637,1.326070088606792,-8.637116653
-0.045192551,-0.169967967,0.7695510129674253,-0.988517967,-0.715845967,-0.372948994
1.373332455126111,-0.527419457,0.7745345235289796,-1.237164701,-0.561876346,-2.18527865
0.14922738203957955,-0.227560294,0.7789258285024377,0.6781632318709869,0.9340219424867425,-1.68654289
-0.297361883,0.41730200497486253,0.7847706510155895,-0.955425262,0.5859104311026156,-0.574878978
-0.866955218,-0.133693872,0.7847891910603184,0.24979247394889875,-1.157516838,-1.134141954
0.33722093830845856,1.0080654330757632,0.7852269196346882,-0.664867767,-1.945046959,1.6716478410866098
1.7755659805139423,-1.25453666,0.7862158521747736,-0.278880075,0.6934560490540195,-2.406961643
0.1062227240352178,-1.525680316,0.7950260944248447,-0.374438319,0.13404819655462313,-1.718128195
0.4947622485940051,-0.423949751,0.7965307986530902,-0.070064116,-0.67274253,1.0227775827963888
0.3546604863959199,-0.796065249,0.8013076084574321,0.39583055113614785,0.29357208724825684,-0.284058381
0.7669484672676288,0.5873430457792411,0.8025266807621024,-0.497763649,-1.024300412,-1.557576398
-1.025194344,0.32597488786929396,0.8051442743049861,0.2737389272400034,-0.075940061,-1.974072632
0.3002536763201884,-0.429595674,0.8059133073385901,-0.219552167,-0.251852197,0.1501362927050715
1.498108183577034,-0.300976154,0.8074559170052702,0.3122386890129999,-0.19332164,-4.791562128
0.2604717212210872,-0.224019375,0.8250045812786894,0.4623136711175832,2.3827661195603405,-14.63190839
0.5820873874833424,0.8298943774311116,0.8277914282922316,0.546730266,-0.477381662,-3.227224886
-2.022201216,-0.306204013,0.8279746426072462,0.2300947353643834,0.7620111803120247,8.402289772
1.8358695455399285,0.18728869413965668,0.8395342227862145,-0.655616687,0.18567535375888505,-3.172080609
1.208456328551963,1.1157018027844863,0.8408615581411037,-0.102887218,1.146900376399483,-3.567035883
-1.37311732,0.31515939204229176,0.8461606475850334,-0.859515941,0.35054597866410736,3.269132386967177
-0.633374668,0.9768032555621365,0.8528334249127995,0.9558766473644801,0.26140203554021957,-0.985218684
0.021862837,-0.468673816,0.8532812219556223,-0.41302931,1.8347176266496867,-7.184536526
-0.879263558,-0.638847737,0.8555868191771898,1.9557535985239054,0.4732915734811787,2.809604987784699
-0.588779607,0.18621169846960364,0.8582860008822079,0.317857879,-0.426667284,0.22441725610391483
1.1836577834365962,-1.845250933,0.8586039353798407,-1.413940142,-0.98735088,-12.05098032
-0.063731055,-0.189643659,0.8616703901092384,1.7891854254545831,-0.188015245,-2.256779711
1.469487707806396,0.513364936,0.8645017035225613,0.33152673050070786,-1.041770282,-7.948534341
1.446528642388544,-1.188424605,0.8683403811601966,0.054036956344474814,-0.813471805,-6.379754239
-0.186569772,-0.101745873,0.8688861570058679,0.7504116398650081,0.5294653243527092,-1.763253715
0.9301982055403866,0.40577898662854966,0.8736742226670051,0.9332532965859972,-0.216155149,-5.782551829
-0.775894824,-1.005597222,0.893784105,0.949268086,-2.170711059,-2.709892717
-0.544414741,-0.063071041,0.8938188581968769,1.837915989836817,0.5846785263362031,-1.020608779
-1.100619177,1.1447237098396141,0.9015907205927955,0.5024943389018682,0.9008559492644118,-2.325702588
-0.996084727,-0.873489109,0.9046195237125951,0.9391726718903264,-2.049993229,-4.009021155
1.864815343,-1.097509803,0.9079220869128258,0.9909861710337484,1.2668665643981818,-10.12805885
1.7538009211701582,0.9752030706609566,0.9137997208929389,-0.706304701,0.8453939170867079,-4.131153034
-1.611854641,0.7225664471510274,0.9153761413074754,0.9071438675546177,-0.332994062,1.8107031507686915
2.4215893039376306,-0.674017307,0.9194471844182162,-0.30967948,0.5333674564269574,-7.29851728
0.7945282396010823,-1.873160978,0.9206151180549562,-0.035367925,2.1106050536007097,-11.9580911
-0.679943801,0.22782691486061338,0.9238521280054981,-1.54486021,0.47874513116694617,2.097169586744964
-1.592936499,0.7156855937354527,0.9248515992658068,-0.366146912,1.5216286906360832,-5.948072703
0.5866231911821976,0.8389834138745049,0.9311020813035573,0.2855873252542588,0.8851411642707281,-2.742678623
-0.221028902,0.19975955519262756,0.9327214136880919,-0.5301198,-0.407240024,-2.091694472
1.093992810348867,1.910474745111902,0.932785078,-0.531507616,0.5545297660610687,-3.637401824
1.0689859716189178,-0.209752935,0.9351477795910749,1.8125278151175406,0.14010988130475283,-10.25669213
0.5732654485250398,-0.108898467,0.9375548428677463,0.3093178022046615,2.917308762873108,-23.38423097
0.4913118020263456,0.5367851363195912,0.9382075980947018,-0.581286543,1.195756017216682,-0.585894838
-0.453503119,-0.820905371,0.940218905,-1.411293467,0.8841477951153655,0.6342879682606296
0.3732609736504448,0.3830268697572058,0.9413255845495389,-0.225420082,-0.297087421,-0.489001227
1.554828526589398,0.1868181304825845,0.9428164250349199,1.2244426401967945,0.13703126363243495,-12.33741411
-1.564507854,0.9312556787681191,0.9498088152113293,0.9255012147023857,-0.456987858,1.0437429203877189
-0.017454952,0.7314025171250657,0.9544956665476875,0.095746771,1.0334508032642373,-4.092260969
1.3012018917862487,-0.004103064,0.9580685182660604,1.7066618414821415,-1.226022608,-12.55564827
-1.131271208,-0.792863735,0.9639369237089188,-0.193112262,-1.202890012,-2.553325992
-0.00290545,-0.060630302,0.9640226322174184,0.4409560006804435,0.3294899667614772,-1.213450907
1.4735739321756862,-0.302385402,0.9703637044692226,-0.387917021,-0.61510601,-4.11823864
-1.537534841,0.7768192843307928,0.978327543,-0.2219689,0.2771265005611528,4.215025735360284
-1.40525766,0.74205658,0.9819936577191596,0.43856199808904056,0.927819853,0.015490848932672274
-0.070279387,-0.242681041,0.9836348435230765,1.9634440975955003,1.4994471165291516,-4.924692833
-1.526886366,1.2317821873805423,0.9846295039767348,-1.58706882,-0.048464336,1.7183327234110286
-0.077106957,0.2078252673129942,0.9861959282732953,1.432756426622143,0.5282584995152871,-3.017557497
1.4539175816088175,0.6616810764659825,0.9863521802120643,-0.466154857,1.3849913436486387,-2.300281082
0.5320753156730507,0.2549699516514175,0.9927107879982654,1.0699167417630993,-0.53127979,-3.887575709
0.30733106704705815,0.068032035,0.9957039414105046,-0.628462553,0.33948780556898744,-0.243884915
-0.485855138,0.3027423924351695,0.9995427311314719,1.406715271002638,-0.604918308,-4.2072227
0.3865391451330911,-0.851455657,1.000881423680301,-0.384832249,1.4581082386095199,-1.795466369
-1.204477437,1.4118106063787874,1.0039964033226745,0.10380768108867151,0.14968752877271832,-0.173729611
0.6640795475273731,-1.311324382,1.004093104601491,0.8730058373155313,1.394081043,-6.381571361
-1.169347567,0.9991948600153303,1.006265628954833,0.6568308628435401,-0.617617252,-1.565755562
-0.585521747,1.4881415667730762,1.007566985398126,-0.040385208,0.6489736060200502,-1.028370473
-0.177632196,-1.510456375,1.0112070637749084,-1.476562661,-0.143195745,-3.365196166
0.17592789245984333,0.6389859536932095,1.020152644515352,1.7926130716325068,-0.6390965,-8.614601479
0.015749245653221937,0.16743325478125634,1.0257495478066412,0.5589327357143823,-0.045699923,-1.133869625
0.088641631,-0.45764481,1.0311179356620346,1.2229964450456872,-0.814204482,-0.944847339
-0.049702579,0.46664326722884075,1.033686867939501,0.8088443602656821,1.7897546832062712,-7.631741529
0.1453879754503495,-0.393142159,1.0364170105858024,1.1643086471236404,-0.472613126,-2.385992137
-0.310116774,-2.434837764,1.038824601859414,2.1869796469742577,0.44136444356858207,-2.564377998
1.818011780033391,0.4802259167861472,1.0392882528539993,1.4578758214824736,-0.576148442,-25.72251
-0.343900709,-1.00016919,1.0449944096738975,0.6085146984848496,-0.069328697,-2.411093059
2.596253592278405,0.22344646120974593,1.0455673786706703,1.6657700942757352,2.0043766037815898,-31.37596771
-0.200508166,0.702972941,1.0515007173855322,-0.36612326,-2.87205025,12.886107692056383
-0.361403861,0.47279300368474003,1.0542070356357671,-0.660443191,-0.816844426,-0.576874149
-2.08699527,0.076646456,1.0636738065789741,0.2304025737745499,0.8008509131202481,5.537230429
0.2874335676098011,-0.762184828,1.0707255921420091,-1.376651569,1.4517197731056923,1.3285419956969164
-0.740963343,0.13610446388547395,1.0729310979967936,2.2158433358479184,0.8264765570684348,-3.205408708
1.7012349653430763,0.1476024359868073,1.0844185634328798,-0.110096958,-1.212974971,-8.353842484
-1.091390092,0.9971762412312135,1.0864807846251519,-1.299026346,-1.304266227,0.42562289587080343
-1.268589783,0.9432033250596167,1.0960164718070946,-0.29634689,0.2283702623411604,1.019895554709807
-0.188666339,-0.156935067,1.0968481478561416,1.6361151221599526,0.42705853717417924,-4.888602292
-0.669640605,1.9050355878251755,1.1104042299079397,0.324049386,0.30502878385812027,-1.187584365
-0.326499498,-1.342675789,1.114382976779792,-0.586523939,-1.236853377,-5.89963332
-1.326489648,0.30820413383639916,1.115489374094808,1.0081956109102623,-3.016031985,-2.156101517
-1.777566376,-0.777858827,1.1158411079241686,0.3102722877837673,-2.094247816,-7.194106871
-0.870801553,1.175244992708054,1.1198990035561387,-1.987829531,0.8612885153914502,-4.226278659
-0.236285089,0.5320640074878978,1.122364863,0.5912116907550384,1.9702925595974388,-12.54756425
1.819773086209831,0.338016912,1.122974756204621,0.3241130623760646,0.755374334,-8.514312798
0.578024944,-0.284635153,1.1312648708002362,1.0500034382632122,1.393015753572061,-5.835250542
0.3807434533098883,-1.087233671,1.1336134582784587,-0.090344368,-0.488770857,-2.390852208
-0.041376875,-0.912810097,1.135141385786539,-0.037709194,0.045262568720710904,-1.600651328
0.1333112523430383,1.3958995546165887,1.148832607,1.089597118579833,-0.140690449,-4.986799241
0.064841248,-0.07262009,1.1563291434216483,-0.30333372,0.3464819893828207,-1.876209078
-1.186551701,1.6234621032930863,1.1564436063936467,0.8890393567021025,1.824818786589987,-8.513091692
0.3931092448539835,-1.823919853,1.167075165999964,-0.0396687,0.8858257989659072,-6.991771775
-0.105813269,0.040865387,1.1724491875207435,-0.821600485,-0.779938124,-1.542140475
-1.07617688,0.1260544920022893,1.175138892211603,0.8674488894295378,0.69906049,-1.434914461
-1.54656104,0.5866185186008445,1.175178687557355,1.5944646318222213,-0.895441524,-5.589190926
0.3877346627429501,-0.354798762,1.1770522557766416,-0.641107815,1.322693985,-2.815930582
-0.131705563,2.1723327962554255,1.1770702202202439,1.640057367649072,-0.417870618,-8.69559815
0.2110956503316932,1.4463938015922713,1.192293949706504,1.119551568512262,1.231123080530493,-6.640070225
0.9561217041246964,-0.705840507,1.1926860677546935,-0.237941936,1.1552878860882252,-1.157253784
0.018317264871405513,-0.12339551,1.2039935790829601,0.2608000655858127,-0.776603611,0.034979304853751225
-0.083393273,0.011755507,1.2080994611405487,-1.829219634,0.23443672196787663,-0.333771655
-0.465659732,-0.967012371,1.217716255875353,-1.383379352,0.7174286220370574,1.7087272856925162
0.25605238613052045,-0.715232141,1.224947014327952,1.1087379256659278,0.074250682,-3.80402341
-1.699333605,-0.275846063,1.2289555856506973,1.3097059056826534,-1.154982635,-3.409199936
-0.131675626,1.018552474767882,1.2305581999547246,-1.181103173,-0.459930104,-0.505733915
-0.867787223,-1.440876024,1.232253070828436,-0.254179868,1.3998439424809859,-8.357382472
-1.056172136,-0.807722367,1.2334249092992629,-0.022359372,-1.400469977,-2.948281378
-0.551358292,-0.604188418,1.234968686197439,-0.103110525,-0.368854466,-0.039309636
-0.266128174,1.4735759987565555,1.235114129782221,0.42251159800534627,-1.962186109,3.4893623098424738
0.23303756282003907,-0.760631755,1.243651750950696,0.8502710947187919,-0.954135902,-2.018512449
-0.520928045,-0.859160398,1.2548868714256634,0.24110911704715515,-0.0916752,-1.99954771
-1.125452746,-0.342570942,1.2567374708813324,0.7390938362426234,-0.385988094,-1.314022659
-0.008205719,-0.191369574,1.2605156780613143,0.49889450905742333,1.4100038572066511,-6.434546478
-0.024616956,-0.775161619,1.2737559301587766,1.9671017492547347,-1.857981864,-4.206473257
-1.471786698,1.1103378766178742,1.274758380583845,-0.707217758,0.6805080548537775,-0.49416329
-0.168903142,-0.839115898,1.2798565966833104,0.46432211723387773,-0.404768595,-2.487527673
1.098688501,1.1532126213747222,1.290993371628489,0.079839611,1.3128954115297282,-7.691984873
1.5365363280210986,-0.000375009,1.2935496206633084,-0.438997664,0.5900394641608302,-2.642418462
0.025999994185658175,-1.348696447,1.3025355364861801,-0.362612088,-1.485156451,-7.138981902
-0.198500319,-0.080606994,1.3035754514576023,0.1385954791185322,2.0841228476909004,-17.1170049
-0.961363803,-1.427015629,1.306830585767448,0.31671499153867405,-0.610463243,-5.259908919
-0.237953416,-0.845195429,1.310159231391461,1.3575664779629646,-0.090169317,-5.141799547
-1.597214244,0.46101596374318504,1.3165064027087494,0.2963696717799263,7.512221247400476e-06,1.0879443910493567
-0.400507364,-0.287878127,1.328912319866338,-1.135058202,-0.582493566,-0.684429476
-0.478672356,-0.329051549,1.3471054646704976,-1.049067745,0.31665889515665435,-0.362989533
-0.398811876,0.31251359231158626,1.3744246847347796,-0.640502456,-0.123854851,-1.387529892
0.9840122369402405,-0.559681422,1.3797581916062172,0.6024509012396099,-0.892646674,-3.046667027
0.8532821858237332,-0.13971173,1.3863142642463189,0.5481295846881931,-1.637449593,-0.476110548
1.1234121620219353,0.30526704024401075,1.3887793963702684,-0.661344243,3.0308571123720305,-18.89567119
-1.050609359,1.0482305593614218,1.3922773402588107,0.38622388289878856,0.6101460366504673,-2.734075122
-0.572025887,-1.551657639,1.4231771863257672,-0.076050966,-0.326866079,-6.525433545
-1.155715954,0.530921213,1.4273293869368373,-0.649593548,-0.589080151,0.6208537749929954
1.2444590620289295,0.37457611195590107,1.4513351157605372,1.0723618705649005,0.35901654387424187,-10.44334226
0.083388837,-0.424983195,1.4516789083179342,0.3416885988728869,-0.125172665,-2.006679949
1.0798127907277923,-0.007028045,1.4581008223480167,1.7890766838114889,-1.332564307,-15.70209803
0.312940757,0.2261650653373825,1.463108989962928,0.025263857633309426,-0.13879159,-1.386033806
1.0329837789497511,-0.222414029,1.4701603438257402,-0.870008223,0.36919046954687373,-0.364179931
0.5697512910046693,0.074973424,1.4720016145678616,-2.015498009,0.3640942466137382,-0.824297335
-2.013978286,0.16823944284789416,1.4834634079483142,1.9061192598172558,-0.217367227,-1.268090768
0.7625064699753435,0.1464966997003222,1.4876209683463106,0.8397314754461632,-1.256278212,-5.107834373
1.7885926519290443,-0.024631043,1.4902897985704333,-0.321077148,0.5608060263846443,-5.598010471
1.0169956856725697,0.11311058187402881,1.4969952476612731,0.16893766785627198,0.3186246953200024,-5.478954004
-0.168662287,0.882799066,1.4999251635020865,0.9343953739818499,-1.082977606,-4.120651828
0.5233729439128036,-0.476931398,1.5035612241102962,-1.367167725,0.06739292,-1.416093505
-1.023799316,0.5677647396556529,1.5045218666646716,-0.578426973,-0.997620842,-0.225209962
-0.926992474,-0.310094778,1.5081115716402531,0.9297092046865879,-1.355190427,-3.546942576
-0.43238091,-0.035762561,1.5128199402175209,-0.775994517,-0.2717688,0.8966398976190362
-0.075571713,1.131629387451427,1.5198168164221988,2.1855754065331614,-1.396496335,-18.24988118
-0.164994617,-0.50694664,1.524929436,1.3061884237156514,0.49403684942691345,-5.622628342
0.2969573677573097,-1.400594447,1.5496088532112626,-1.070016904,0.613951564,-3.169899599
-2.048200459,0.4838836493413234,1.5586882545223812,2.369730189064904,1.5624195294929633,0.2932675770018536
1.6169495988573002,0.5027408819999043,1.5588055406198593,0.10940269642542817,-1.219744397,-10.00097823
-1.681699176,-0.669835351,1.5617200712433572,2.0246659034374526,0.16717911491575038,-3.022882131
1.7005498521236377,1.0042699891658213,1.5655767863715235,0.6152849780293973,-1.464567534,-19.5487529
1.247212033643151,0.6263741413012588,1.5683207602397775,0.4905248332549248,0.46405201205511526,-10.51384209
0.9885106422191401,1.0414396343771428,1.5697555099121938,-0.367832201,-0.112299083,-7.530586719
1.4236144293489872,0.9039991740035269,1.5754679085723808,1.2066078980355681,-0.282863552,-20.50688993
0.5477951200617975,0.3150491776005335,1.588562173246588,-0.962152603,1.9992055620883433,-9.655894192
-0.398818029,-0.699942892,1.5908443437276012,-0.765680894,-0.158707922,-1.430693803
-0.660496178,0.3721105447610491,1.5926683331963514,-0.984948907,1.696393853861598,-12.38870112
-1.321106574,0.061533972,1.5936855595216861,-0.912945419,-0.10539007,2.271484172815664
-0.607464102,2.0396722657066246,1.596771898021652,-0.266930296,0.7091571718730512,-6.034390152
-1.744372375,0.7155367850567184,1.6309062540803745,1.6485940770510845,0.4327901996345385,-2.321302934
1.634602501369415,0.2791554536346638,1.640553648555269,0.410872938,0.191363915,-13.43368096
-0.547563578,-0.072039617,1.641049198722794,-1.398924987,1.0182231587385395,-2.46109782
-0.859827024,-0.437908211,1.6485510899956075,1.4587732107662719,-2.026206416,-6.732615879
1.0603275091568074,-1.71116766,1.6571246380429256,1.4176740129993604,0.050317086,-13.17196773
-1.139700088,1.496405311360214,1.6707292217109244,-0.34847114,0.5377050874408872,-4.345298384
0.47887796999207616,-2.719938091,1.7009121353004046,-0.294362024,-0.632690607,-24.00544262
0.5924728014240198,1.197830841721251,1.7045941713724069,1.0400891531540952,-0.918440038,-12.34238243
-0.36453805,-0.459717681,1.7054835177554424,0.24050555214736213,-0.999426501,-1.968944573
1.986539197727147,0.007260484,1.7079861809188028,-1.004764608,0.7548167342810945,-3.161503071
-0.782278609,-0.082558509,1.729338011112556,0.6582761516299351,-0.793103468,-3.6963967
0.6200021607052328,0.5898063208257189,1.7403100143689412,-0.169439576,0.66827795,-7.147015017
-0.125254239,-0.412994338,1.7406750640355182,0.5465691026603778,-0.58513528,-3.437259831
-0.098818836,-0.270148968,1.7450684423927674,-0.180557977,-0.202377775,-2.873978328
0.7543630698241057,-0.578753933,1.748361966154716,0.4762838157069839,1.058128734316406,-9.199163542
0.7678181289908628,-1.268858959,1.758759350083834,-0.227252509,-0.72747611,-8.376178156
-0.281736269,2.0563555231982935,1.7602492264490932,-0.060652492,-2.413503001,6.545237190377569
-0.275481083,1.1390532955004165,1.7642495790385695,0.007560395,0.2947395148619431,-2.743540036
-0.108392067,0.45015551276717897,1.7653351005190716,0.8709698025322423,-0.508457134,-4.757750111
1.5138407485294787,-1.355271464,1.799211810942495,-0.235410958,-0.771038513,-10.32404224
0.2630404876136993,-0.167858489,1.806457550521277,-0.857691839,-2.155325061,-0.45314957
1.1582513940228034,1.5010553537124391,1.8429617913976493,-1.013259187,-0.376427665,-10.76918239
-0.248318994,-0.977846985,1.8430945049733944,1.4149011535194622,-1.214129213,-8.861672943
1.156962497058231,-0.172839372,1.8482333679679015,0.9221103681405612,-0.101709114,-13.29274011
-0.237875265,-0.755662765,1.8514378945735097,0.20909667657552103,1.5550159943330888,-11.95144004
-0.299520334,0.8631016097637815,1.880730754624112,2.3012837618788504,0.7724558045656563,-17.97418296
0.057598794214007064,0.005213942,1.8849653319779855,1.8539451060992007,-1.1993958,-10.95379268
-1.03817031,1.8167779194672207,1.8912873415956053,0.29587365251039716,0.8343563422553872,-7.388689949
0.7131071002813599,-0.002196313,1.8947650596348335,2.4989434290618204,-1.531650748,-26.40847936
-1.033309639,-0.187094721,1.8960157143790581,0.6807764237164432,-2.315747288,-5.047076423
1.1603385699937696,0.36949271637572373,1.9046587083409812,1.1110566985605046,0.6590497961002102,-16.49291686
0.446674362,1.648747795073854,1.9095286915525786,1.554689475,0.14277767313411027,-19.40150181
0.9762962980812675,-0.696027671,1.9371315806243106,1.3492276782627104,-1.275113865,-9.821622675
-0.648635768,-0.725323137,1.9844112488851215,-0.582192438,0.3268129791190551,-4.267970216
0.8336788128625253,2.160455726859277,1.9989920138971085,0.7640414200481108,1.687255223155202,-29.95920161
-1.778694728,0.39575312601117146,2.0032717574737178,0.14882323293039623,-0.551341668,1.2533731029925845
-0.073147892,1.347599579628929,2.0173903802198088,-1.646634782,0.9370434368925864,-10.12157436
0.21290878678854108,0.8159255079814329,2.022575774207162,-0.443571881,0.1379076891467622,-4.772650166
1.4275469513273447,0.036197462760435326,2.029997487440461,-0.63440471,-0.525103394,-6.405912987
1.1839188214837117,1.5552015852590921,2.0489847419086824,0.6859347500610894,0.4406926432508203,-22.15520816
0.7949472531081049,-1.092213514,2.0865146418438503,1.316652995439186,-0.466413876,-12.00985202
0.5613412868802717,1.5624317942791408,2.0888282778815235,0.33039560629473785,-0.630348885,-10.23334846
-0.636995647,0.19091548466746602,2.100255136478842,0.12015895248162915,0.6172031097074192,-8.159485661
0.2685271684183746,-0.155049821,2.1126221193063364,0.2560794374519645,-0.206761334,-4.537774434
-0.855053607,-0.07494852,2.1145368002264955,0.063345233,-0.787546545,-3.680411882
-0.392556493,2.1464021810161666,2.1364054854379173,0.9742296316263757,-0.189789967,-11.34879562
0.29661411646748564,1.8559709270841578,2.143985913349917,-0.491391006,-1.05760927,-6.068285824
1.4932228006540538,-0.928644275,2.1722705158214577,-0.825653891,-0.463337968,-10.15294996
-0.276141001,-1.597310496,2.2238208153845407,0.16700580891775274,0.434323076,-14.01454536
-1.787737708,-0.185810857,2.2347217376258857,0.046846204858301294,0.29078794646870554,-1.454450437
-1.156829595,1.6384511881613208,2.238762966,1.5639377244392278,0.14080160319877139,-10.03270749
1.869021580239564,0.9902640183908182,2.3015611147810286,-1.593147516,-1.106284119,-22.11543069
0.9177471118740052,-0.643634167,2.306927273971173,-0.948749252,0.7662261906874215,-4.779889781
1.170488747791721,-0.569884901,2.360612588368996,0.163634355,0.631239363,-12.62298926
0.45609297152777123,0.283732344,2.365601466747711,0.9826838483374108,-1.582294098,-8.961821038
-0.615491639,0.9648881368696258,2.424306619264515,2.1503538075928947,0.9418661752421255,-26.32056316
-0.646916688,0.901486892,2.528325706806398,-0.248634778,0.043668993178389105,-6.567980448
-0.982132713,0.40861976910585485,2.777052993144052,-0.614567781,0.554050439,-12.51303879
-0.355832304,2.8943861916269094,3.135047340087907,0.44031310911722576,-1.439194359,-16.93437781
0.9662208625783415,0.7259168525208212,3.3210787561703645,-0.60022533,-0.379517516,-21.42663685
